#country+code,#country+name,#indicator+code,#indicator+name,#indicator+value+num,#date+year
MWI,Malawi,21806,Refugees by country of origin (thousands),0.435,2017
MWI,Malawi,23806,Population with at least some secondary education (% ages 25 and older),21.08,2017
MWI,Malawi,23906,"Population with at least some secondary education, female (% ages 25 and older)",16.74,2017
MWI,Malawi,24006,"Population with at least some secondary education, male (% ages 25 and older)",25.4,2017
MWI,Malawi,24106,"Mean years of schooling, female (years)",4.008,2017
MWI,Malawi,24206,"Mean years of schooling, male (years)",5.06,2017
MWI,Malawi,31706,Share of seats in parliament (% held by women),16.66666667,2017
MWI,Malawi,36806,"Adolescent birth rate (births per 1,000 women ages 15-19)",140.235,2017
MWI,Malawi,43006,Vulnerable employment (% of total employment),59.9,2017
MWI,Malawi,44206,Total population (millions),18.622104,2017
MWI,Malawi,45106,Urban population (%),16.7,2017
MWI,Malawi,48706,"Labour force participation rate (% ages 15 and older), female",72.3,2017
MWI,Malawi,48806,"Labour force participation rate (% ages 15 and older), male",81.9,2017
MWI,Malawi,49006,Sex ratio at birth (male to female births),1.03,2017
MWI,Malawi,52606,"Remittances, inflows (% of GDP)",0.648863,2017
MWI,Malawi,53506,"Foreign direct investment, net inflows (% of GDP)",4.39632,2017
MWI,Malawi,63106,Population ages 15–64 (millions),9.876,2017
MWI,Malawi,64306,"Infants lacking immunization, measles (% of one-year-olds)",17,2017
MWI,Malawi,64406,"Infants lacking immunization, DPT (% of one-year-olds)",7,2017
MWI,Malawi,65606,Gross fixed capital formation (% of GDP),13.43222002,2017
MWI,Malawi,68606,Gender Inequality Index (GII),0.619476379,2017
MWI,Malawi,69206,Life expectancy at birth (years),63.671,2017
MWI,Malawi,69706,Expected years of schooling (years),10.79649407,2017
MWI,Malawi,71406,Inequality-adjusted education index,0.322736747,2017
MWI,Malawi,71506,Inequality-adjusted life expectancy index,0.468287492,2017
MWI,Malawi,71606,Inequality-adjusted income index,0.241500052,2017
MWI,Malawi,73506,Overall loss in HDI due to inequality (%),30.39372715,2017
MWI,Malawi,101606,Inequality in education (%),28.42429,2017
MWI,Malawi,101706,Inequality in income (%),32.4,2017
MWI,Malawi,101806,Inequality in life expectancy (%),30.3,2017
MWI,Malawi,103006,Mean years of schooling (years),4.53,2017
MWI,Malawi,103206,Life expectancy index,0.671861538,2017
MWI,Malawi,103606,Income index,0.357248597,2017
MWI,Malawi,103706,Education index,0.450902613,2017
MWI,Malawi,110906,"Unemployment, youth (% ages 15–24)",8,2017
MWI,Malawi,111306,Private capital flows (% of GDP),-4.622491,2017
MWI,Malawi,120606,"Life expectancy at birth, female (years)",66.21,2017
MWI,Malawi,121106,"Life expectancy at birth, male (years)",61.018,2017
MWI,Malawi,121206,Young age (0-14) dependency ratio (per 100 people ages 15-64),82.949,2017
MWI,Malawi,122006,Old-age (65 and older) dependency ratio (per 100 people ages 15-64),5.618,2017
MWI,Malawi,123306,"Expected years of schooling, female (years)",10.9445,2017
MWI,Malawi,123406,"Expected years of schooling, male (years)",10.7831,2017
MWI,Malawi,123506,"Estimated gross national income per capita, female (2011 PPP $)",897.2559401,2017
MWI,Malawi,123606,"Estimated gross national income per capita, male (2011 PPP $)",1234.690094,2017
MWI,Malawi,132706,Population ages 65 and older (millions),0.554787,2017
MWI,Malawi,132806,Population under age 5 (millions),2.96627,2017
MWI,Malawi,133206,Exports and imports (% of GDP),65.3299,2017
MWI,Malawi,135006,Coefficient of human inequality,30.37476333,2017
MWI,Malawi,136706,GDP per capita (2011 PPP $),1095.042089,2017
MWI,Malawi,136906,"Human Development Index (HDI), female",0.460315296,2017
MWI,Malawi,137006,"Human Development Index (HDI), male",0.491882496,2017
MWI,Malawi,137506,Human Development Index (HDI),0.476552795,2017
MWI,Malawi,137906,Gender Development Index (GDI),0.935823698,2017
MWI,Malawi,138806,Inequality-adjusted HDI (IHDI),0.331710639,2017
MWI,Malawi,140606,"Unemployment, total (% of labour force)",6,2017
MWI,Malawi,141706,Gross national income (GNI) per capita (2011 PPP $),1064.416511,2017
MWI,Malawi,143306,"Gross domestic product (GDP), total (2011 PPP $ billions)",20.39198766,2017
MWI,Malawi,146206,HDI rank,171,2017
MWI,Malawi,148206,Labour force participation rate (% ages 15 and older),77,2017
MWI,Malawi,148306,Employment to population ratio (% ages 15 and older),72.3,2017
MWI,Malawi,150606,Employment in agriculture (% of total employment),84.7,2017
MWI,Malawi,150706,Employment in services (% of total employment),6.9,2017
MWI,Malawi,153706,Working poor at PPP$3.10 a day (% of total employment),82.6,2017
MWI,Malawi,169706,Total unemployment rate (female to male ratio),1.37254902,2017
MWI,Malawi,169806,Youth unemployment rate (female to male ratio),1.081081081,2017
MWI,Malawi,175106,"Share of employment in nonagriculture, female (% of total employment in nonagriculture)",32.21,2017
MWI,Malawi,175706,Women with account at financial institution or with mobile money-service provider (% of female population ages 15 and older),29.84548759,2017
MWI,Malawi,178306,Gross capital formation (% of GDP),13.43222002,2017
MWI,Malawi,181606,Red List Index (value),0.80627,2017
MWI,Malawi,23806,Population with at least some secondary education (% ages 25 and older),20.4,2016
MWI,Malawi,23906,"Population with at least some secondary education, female (% ages 25 and older)",15.9,2016
MWI,Malawi,24006,"Population with at least some secondary education, male (% ages 25 and older)",24.9,2016
MWI,Malawi,24106,"Mean years of schooling, female (years)",4.008,2016
MWI,Malawi,24206,"Mean years of schooling, male (years)",5.06,2016
MWI,Malawi,31706,Share of seats in parliament (% held by women),16.66666667,2016
MWI,Malawi,36806,"Adolescent birth rate (births per 1,000 women ages 15-19)",140.235,2016
MWI,Malawi,38406,Multidimensional poverty index (MPI),0.243668,2016
MWI,Malawi,38506,"Population in multidimensional poverty, intensity of deprivation (%)",46.2136,2016
MWI,Malawi,38606,"Population in multidimensional poverty, headcount (%)",52.7264,2016
MWI,Malawi,43006,Vulnerable employment (% of total employment),60,2016
MWI,Malawi,43606,"Internet users, total (% of population)",9.6140973,2016
MWI,Malawi,44206,Total population (millions),18.091575,2016
MWI,Malawi,45106,Urban population (%),16.5,2016
MWI,Malawi,46006,Mobile phone subscriptions (per 100 people),39.678,2016
MWI,Malawi,48706,"Labour force participation rate (% ages 15 and older), female",72.3,2016
MWI,Malawi,48806,"Labour force participation rate (% ages 15 and older), male",81.6,2016
MWI,Malawi,49006,Sex ratio at birth (male to female births),1.03,2016
MWI,Malawi,52606,"Remittances, inflows (% of GDP)",0.63056,2016
MWI,Malawi,53506,"Foreign direct investment, net inflows (% of GDP)",5.99356,2016
MWI,Malawi,57206,"Mortality rate, infant (per 1,000 live births)",38.9,2016
MWI,Malawi,57506,"Mortality rate, under-five (per 1,000 live births)",55.1,2016
MWI,Malawi,57806,"Mortality rate, female adult (per 1,000 people)",227.953,2016
MWI,Malawi,57906,"Mortality rate, male adult (per 1,000 people)",341.306,2016
MWI,Malawi,58006,"HIV prevalence, adult (% ages 15-49)",9.2,2016
MWI,Malawi,63106,Population ages 15–64 (millions),9.53926,2016
MWI,Malawi,63206,"Gross enrolment ratio, primary (% of primary school-age population)",139.2645,2016
MWI,Malawi,63306,"Gross enrolment ratio, secondary (% of secondary school-age population)",37.38076,2016
MWI,Malawi,64306,"Infants lacking immunization, measles (% of one-year-olds)",19,2016
MWI,Malawi,64406,"Infants lacking immunization, DPT (% of one-year-olds)",11,2016
MWI,Malawi,65606,Gross fixed capital formation (% of GDP),10.78027979,2016
MWI,Malawi,68606,Gender Inequality Index (GII),0.620500634,2016
MWI,Malawi,69206,Life expectancy at birth (years),63.223,2016
MWI,Malawi,69706,Expected years of schooling (years),10.77231343,2016
MWI,Malawi,71406,Inequality-adjusted education index,0.322255984,2016
MWI,Malawi,71506,Inequality-adjusted life expectancy index,0.463554041,2016
MWI,Malawi,71606,Inequality-adjusted income index,0.240385249,2016
MWI,Malawi,73506,Overall loss in HDI due to inequality (%),30.39019874,2016
MWI,Malawi,99106,Net official development assistance received (% of GNI),23.4897,2016
MWI,Malawi,101006,Population in severe multidimensional poverty (%),18.5075,2016
MWI,Malawi,101606,Inequality in education (%),28.42429,2016
MWI,Malawi,101706,Inequality in income (%),32.4,2016
MWI,Malawi,101806,Inequality in life expectancy (%),30.2894,2016
MWI,Malawi,102006,"Population in multidimensional poverty, headcount (thousands) (for the year of the survey)",9539.04,2016
MWI,Malawi,103006,Mean years of schooling (years),4.53,2016
MWI,Malawi,103206,Life expectancy index,0.664969231,2016
MWI,Malawi,103606,Income index,0.355599481,2016
MWI,Malawi,103706,Education index,0.450230929,2016
MWI,Malawi,110906,"Unemployment, youth (% ages 15–24)",7.9,2016
MWI,Malawi,111106,International inbound tourists (thousands),849,2016
MWI,Malawi,111306,Private capital flows (% of GDP),-6.213351,2016
MWI,Malawi,117806,MPI 2018: Contribution of Education,23.061,2016
MWI,Malawi,117906,MPI 2018: Contribution of Health,20.7717,2016
MWI,Malawi,118006,MPI 2018: Contribution of standard of living,56.1674,2016
MWI,Malawi,120606,"Life expectancy at birth, female (years)",65.761,2016
MWI,Malawi,121106,"Life expectancy at birth, male (years)",60.575,2016
MWI,Malawi,121206,Young age (0-14) dependency ratio (per 100 people ages 15-64),83.964,2016
MWI,Malawi,122006,Old-age (65 and older) dependency ratio (per 100 people ages 15-64),5.69,2016
MWI,Malawi,123306,"Expected years of schooling, female (years)",10.9445,2016
MWI,Malawi,123406,"Expected years of schooling, male (years)",10.7831,2016
MWI,Malawi,123506,"Estimated gross national income per capita, female (2011 PPP $)",888.9791553,2016
MWI,Malawi,123606,"Estimated gross national income per capita, male (2011 PPP $)",1219.855301,2016
MWI,Malawi,127606,Domestic credit provided by financial sector (% of GDP),19.5937518,2016
MWI,Malawi,132706,Population ages 65 and older (millions),0.542814,2016
MWI,Malawi,132806,Population under age 5 (millions),2.90827,2016
MWI,Malawi,133206,Exports and imports (% of GDP),77.9077,2016
MWI,Malawi,135006,Coefficient of human inequality,30.37123,2016
MWI,Malawi,136706,GDP per capita (2011 PPP $),1083.801421,2016
MWI,Malawi,136906,"Human Development Index (HDI), female",0.458086958,2016
MWI,Malawi,137006,"Human Development Index (HDI), male",0.489420611,2016
MWI,Malawi,137506,Human Development Index (HDI),0.47395015,2016
MWI,Malawi,137906,Gender Development Index (GDI),0.93597807,2016
MWI,Malawi,138806,Inequality-adjusted HDI (IHDI),0.329915757,2016
MWI,Malawi,140606,"Unemployment, total (% of labour force)",6,2016
MWI,Malawi,141706,Gross national income (GNI) per capita (2011 PPP $),1052.859192,2016
MWI,Malawi,142506,Population vulnerable to multidimensional poverty (%),28.3574,2016
MWI,Malawi,143306,"Gross domestic product (GDP), total (2011 PPP $ billions)",19.60767469,2016
MWI,Malawi,146206,HDI rank,170,2016
MWI,Malawi,148206,Labour force participation rate (% ages 15 and older),76.8,2016
MWI,Malawi,148306,Employment to population ratio (% ages 15 and older),72.2,2016
MWI,Malawi,149206,Government expenditure on education (% of GDP),4.748569965,2016
MWI,Malawi,150606,Employment in agriculture (% of total employment),84.7,2016
MWI,Malawi,150706,Employment in services (% of total employment),6.9,2016
MWI,Malawi,153706,Working poor at PPP$3.10 a day (% of total employment),82.4,2016
MWI,Malawi,164406,Adjusted net savings (% of GNI),-19.06298217,2016
MWI,Malawi,169706,Total unemployment rate (female to male ratio),1.37254902,2016
MWI,Malawi,169806,Youth unemployment rate (female to male ratio),1.067567568,2016
MWI,Malawi,170006,Concentration index (exports) (value),0.414527456,2016
MWI,Malawi,174206,"Total debt service (% of exports of goods, services and primary income)",5.028300819,2016
MWI,Malawi,174506,"Mortality rate attributed to household and ambient air pollution (per 100,000 population)",115,2016
MWI,Malawi,174606,"Mortality rate attributed to unsafe water, sanitation and hygiene services (per 100,000 population)",28.3,2016
MWI,Malawi,175106,"Share of employment in nonagriculture, female (% of total employment in nonagriculture)",32.23,2016
MWI,Malawi,175206,"Antenatal care coverage, at least one visit (%)",94.8,2016
MWI,Malawi,175506,"Contraceptive prevalence, any method (% of married or in-union women of reproductive age, 15–49 years)",59.2,2016
MWI,Malawi,175606,"Unmet need for family planning (% of married or in-union women of reproductive age, 15–49 years)",18.7,2016
MWI,Malawi,178306,Gross capital formation (% of GDP),10.78027979,2016
MWI,Malawi,181206,Proportion of births attended by skilled health personnel (%),89.8,2016
MWI,Malawi,181706,Rural population with access to electricity (%),4,2016
MWI,Malawi,182106,"Malaria incidence (per 1,000 people at risk)",249.083,2016
MWI,Malawi,182206,"Tuberculosis incidence (per 100,000 people)",159,2016
MWI,Malawi,183406,"Population in multidimensional poverty, headcount (thousands) (projection for 2016)",9539.04,2016
MWI,Malawi,23806,Population with at least some secondary education (% ages 25 and older),19.578,2015
MWI,Malawi,23906,"Population with at least some secondary education, female (% ages 25 and older)",14.948,2015
MWI,Malawi,24006,"Population with at least some secondary education, male (% ages 25 and older)",24.244,2015
MWI,Malawi,24106,"Mean years of schooling, female (years)",3.87,2015
MWI,Malawi,24206,"Mean years of schooling, male (years)",5,2015
MWI,Malawi,31706,Share of seats in parliament (% held by women),16.66666667,2015
MWI,Malawi,36806,"Adolescent birth rate (births per 1,000 women ages 15-19)",142.165,2015
MWI,Malawi,43006,Vulnerable employment (% of total employment),60.4,2015
MWI,Malawi,43606,"Internet users, total (% of population)",9.29814835,2015
MWI,Malawi,44206,Total population (millions),17.573607,2015
MWI,Malawi,45106,Urban population (%),16.3,2015
MWI,Malawi,46006,Mobile phone subscriptions (per 100 people),37.3669,2015
MWI,Malawi,46206,"Pupil-teacher ratio, primary school (pupils per teacher)",69.50969,2015
MWI,Malawi,47906,Median age (years),17.372,2015
MWI,Malawi,48706,"Labour force participation rate (% ages 15 and older), female",72.4,2015
MWI,Malawi,48806,"Labour force participation rate (% ages 15 and older), male",82,2015
MWI,Malawi,49006,Sex ratio at birth (male to female births),1.03,2015
MWI,Malawi,52606,"Remittances, inflows (% of GDP)",0.650973,2015
MWI,Malawi,53506,"Foreign direct investment, net inflows (% of GDP)",8.09786,2015
MWI,Malawi,57206,"Mortality rate, infant (per 1,000 live births)",40.9,2015
MWI,Malawi,57506,"Mortality rate, under-five (per 1,000 live births)",59.1,2015
MWI,Malawi,57806,"Mortality rate, female adult (per 1,000 people)",238.148,2015
MWI,Malawi,57906,"Mortality rate, male adult (per 1,000 people)",351.568,2015
MWI,Malawi,58006,"HIV prevalence, adult (% ages 15-49)",9.5,2015
MWI,Malawi,63106,Population ages 15–64 (millions),9.19852,2015
MWI,Malawi,63206,"Gross enrolment ratio, primary (% of primary school-age population)",141.18481,2015
MWI,Malawi,63306,"Gross enrolment ratio, secondary (% of secondary school-age population)",38.76234,2015
MWI,Malawi,64306,"Infants lacking immunization, measles (% of one-year-olds)",13,2015
MWI,Malawi,64406,"Infants lacking immunization, DPT (% of one-year-olds)",7,2015
MWI,Malawi,65606,Gross fixed capital formation (% of GDP),12.22162442,2015
MWI,Malawi,68606,Gender Inequality Index (GII),0.622764273,2015
MWI,Malawi,69206,Life expectancy at birth (years),62.661,2015
MWI,Malawi,69706,Expected years of schooling (years),10.71309205,2015
MWI,Malawi,71406,Inequality-adjusted education index,0.319629134,2015
MWI,Malawi,71506,Inequality-adjusted life expectancy index,0.441463904,2015
MWI,Malawi,71606,Inequality-adjusted income index,0.239987674,2015
MWI,Malawi,73506,Overall loss in HDI due to inequality (%),31.18151545,2015
MWI,Malawi,89006,"Maternal mortality ratio (deaths per 100,000 live births)",634,2015
MWI,Malawi,99106,Net official development assistance received (% of GNI),17.0067,2015
MWI,Malawi,100806,Forest area (% of total land area),33.37929571,2015
MWI,Malawi,101406,"Literacy rate, adult (% ages 15 and older)",62.14354,2015
MWI,Malawi,101606,Inequality in education (%),28.21397,2015
MWI,Malawi,101706,Inequality in income (%),32.50092,2015
MWI,Malawi,101806,Inequality in life expectancy (%),32.7368,2015
MWI,Malawi,103006,Mean years of schooling (years),4.43,2015
MWI,Malawi,103206,Life expectancy index,0.656323077,2015
MWI,Malawi,103606,Income index,0.355542141,2015
MWI,Malawi,103706,Education index,0.445252557,2015
MWI,Malawi,110806,"Net migration rate (per 1,000 people)",-0.367,2015
MWI,Malawi,110906,"Unemployment, youth (% ages 15–24)",7.8,2015
MWI,Malawi,111106,International inbound tourists (thousands),805,2015
MWI,Malawi,111306,Private capital flows (% of GDP),-8.324767,2015
MWI,Malawi,112506,"Suicide rate, male (per 100,000 people)",18,2015
MWI,Malawi,112606,"Suicide rate, female (per 100,000 people)",4.8,2015
MWI,Malawi,120606,"Life expectancy at birth, female (years)",65.174,2015
MWI,Malawi,121106,"Life expectancy at birth, male (years)",60.038,2015
MWI,Malawi,121206,Young age (0-14) dependency ratio (per 100 people ages 15-64),85.308,2015
MWI,Malawi,122006,Old-age (65 and older) dependency ratio (per 100 people ages 15-64),5.74,2015
MWI,Malawi,123306,"Expected years of schooling, female (years)",10.8934,2015
MWI,Malawi,123406,"Expected years of schooling, male (years)",10.7179,2015
MWI,Malawi,123506,"Estimated gross national income per capita, female (2011 PPP $)",886.2036922,2015
MWI,Malawi,123606,"Estimated gross national income per capita, male (2011 PPP $)",1221.950791,2015
MWI,Malawi,127606,Domestic credit provided by financial sector (% of GDP),16.95153416,2015
MWI,Malawi,132706,Population ages 65 and older (millions),0.528034,2015
MWI,Malawi,132806,Population under age 5 (millions),2.88787,2015
MWI,Malawi,133006,"Gross enrolment ratio, pre-primary (% of preschool-age children)",80.519,2015
MWI,Malawi,133206,Exports and imports (% of GDP),64.9113,2015
MWI,Malawi,135006,Coefficient of human inequality,31.15056333,2015
MWI,Malawi,136706,GDP per capita (2011 PPP $),1088.701805,2015
MWI,Malawi,136906,"Human Development Index (HDI), female",0.453688508,2015
MWI,Malawi,137006,"Human Development Index (HDI), male",0.48616342,2015
MWI,Malawi,137506,Human Development Index (HDI),0.47011603,2015
MWI,Malawi,137906,Gender Development Index (GDI),0.933201656,2015
MWI,Malawi,138806,Inequality-adjusted HDI (IHDI),0.323526727,2015
MWI,Malawi,140606,"Unemployment, total (% of labour force)",5.9,2015
MWI,Malawi,141706,Gross national income (GNI) per capita (2011 PPP $),1052.459605,2015
MWI,Malawi,143306,"Gross domestic product (GDP), total (2011 PPP $ billions)",19.13241766,2015
MWI,Malawi,148206,Labour force participation rate (% ages 15 and older),77.1,2015
MWI,Malawi,148306,Employment to population ratio (% ages 15 and older),72.5,2015
MWI,Malawi,149206,Government expenditure on education (% of GDP),5.608660221,2015
MWI,Malawi,150606,Employment in agriculture (% of total employment),84.9,2015
MWI,Malawi,150706,Employment in services (% of total employment),6.9,2015
MWI,Malawi,153706,Working poor at PPP$3.10 a day (% of total employment),82.4,2015
MWI,Malawi,163906,Renewable energy consumption (% of total final energy consumption),83.6494337,2015
MWI,Malawi,164406,Adjusted net savings (% of GNI),-17.859454,2015
MWI,Malawi,169706,Total unemployment rate (female to male ratio),1.38,2015
MWI,Malawi,169806,Youth unemployment rate (female to male ratio),1.068493151,2015
MWI,Malawi,170006,Concentration index (exports) (value),0.487580259,2015
MWI,Malawi,174206,"Total debt service (% of exports of goods, services and primary income)",4.28956819,2015
MWI,Malawi,175106,"Share of employment in nonagriculture, female (% of total employment in nonagriculture)",31.99,2015
MWI,Malawi,177106,Population using improved drinking-water sources (%),67.19508468,2015
MWI,Malawi,177206,Population using improved sanitation facilities (%),43.52960545,2015
MWI,Malawi,178306,Gross capital formation (% of GDP),12.22162442,2015
MWI,Malawi,179706,Ratio of education and health expenditure to military expenditure,23.42934601,2015
MWI,Malawi,181706,Rural population with access to electricity (%),3.9,2015
MWI,Malawi,181806,Current health expenditure (% of GDP),9.33097,2015
MWI,Malawi,182106,"Malaria incidence (per 1,000 people at risk)",250.054,2015
MWI,Malawi,182206,"Tuberculosis incidence (per 100,000 people)",193,2015
MWI,Malawi,23806,Population with at least some secondary education (% ages 25 and older),19.578,2014
MWI,Malawi,23906,"Population with at least some secondary education, female (% ages 25 and older)",14.948,2014
MWI,Malawi,24006,"Population with at least some secondary education, male (% ages 25 and older)",24.244,2014
MWI,Malawi,24106,"Mean years of schooling, female (years)",3.782,2014
MWI,Malawi,24206,"Mean years of schooling, male (years)",5.044,2014
MWI,Malawi,27706,"Carbon dioxide emissions, per capita (tonnes)",0.07476291,2014
MWI,Malawi,31706,Share of seats in parliament (% held by women),16.66666667,2014
MWI,Malawi,36806,"Adolescent birth rate (births per 1,000 women ages 15-19)",143.5808,2014
MWI,Malawi,43006,Vulnerable employment (% of total employment),60.6,2014
MWI,Malawi,43606,"Internet users, total (% of population)",5.83,2014
MWI,Malawi,44206,Total population (millions),17.068838,2014
MWI,Malawi,45106,Urban population (%),16.1,2014
MWI,Malawi,46006,Mobile phone subscriptions (per 100 people),32.9988,2014
MWI,Malawi,46206,"Pupil-teacher ratio, primary school (pupils per teacher)",72.71752,2014
MWI,Malawi,48706,"Labour force participation rate (% ages 15 and older), female",72.4,2014
MWI,Malawi,48806,"Labour force participation rate (% ages 15 and older), male",82.3,2014
MWI,Malawi,52606,"Remittances, inflows (% of GDP)",0.635654,2014
MWI,Malawi,53506,"Foreign direct investment, net inflows (% of GDP)",9.87799,2014
MWI,Malawi,57206,"Mortality rate, infant (per 1,000 live births)",43.4,2014
MWI,Malawi,57506,"Mortality rate, under-five (per 1,000 live births)",63.3,2014
MWI,Malawi,57806,"Mortality rate, female adult (per 1,000 people)",248.342,2014
MWI,Malawi,57906,"Mortality rate, male adult (per 1,000 people)",361.829,2014
MWI,Malawi,58006,"HIV prevalence, adult (% ages 15-49)",9.7,2014
MWI,Malawi,63106,Population ages 15–64 (millions),8.87959,2014
MWI,Malawi,63206,"Gross enrolment ratio, primary (% of primary school-age population)",142.23352,2014
MWI,Malawi,63306,"Gross enrolment ratio, secondary (% of secondary school-age population)",38.10782,2014
MWI,Malawi,64306,"Infants lacking immunization, measles (% of one-year-olds)",15,2014
MWI,Malawi,64406,"Infants lacking immunization, DPT (% of one-year-olds)",3,2014
MWI,Malawi,65606,Gross fixed capital formation (% of GDP),11.9855601,2014
MWI,Malawi,68606,Gender Inequality Index (GII),0.623824178,2014
MWI,Malawi,69206,Life expectancy at birth (years),61.932,2014
MWI,Malawi,69706,Expected years of schooling (years),10.73312446,2014
MWI,Malawi,71406,Inequality-adjusted education index,0.310523224,2014
MWI,Malawi,71506,Inequality-adjusted life expectancy index,0.387064615,2014
MWI,Malawi,71606,Inequality-adjusted income index,0.257738028,2014
MWI,Malawi,73506,Overall loss in HDI due to inequality (%),32.84964338,2014
MWI,Malawi,89006,"Maternal mortality ratio (deaths per 100,000 live births)",638,2014
MWI,Malawi,99106,Net official development assistance received (% of GNI),15.8235,2014
MWI,Malawi,100806,Forest area (% of total land area),33.57021638,2014
MWI,Malawi,101406,"Literacy rate, adult (% ages 15 and older)",65.14537,2014
MWI,Malawi,101606,Inequality in education (%),30.2,2014
MWI,Malawi,101706,Inequality in income (%),27.7,2014
MWI,Malawi,101806,Inequality in life expectancy (%),40,2014
MWI,Malawi,103006,Mean years of schooling (years),4.402,2014
MWI,Malawi,103206,Life expectancy index,0.645107692,2014
MWI,Malawi,103606,Income index,0.356484133,2014
MWI,Malawi,103706,Education index,0.444875679,2014
MWI,Malawi,110906,"Unemployment, youth (% ages 15–24)",7.9,2014
MWI,Malawi,111106,International inbound tourists (thousands),819,2014
MWI,Malawi,111306,Private capital flows (% of GDP),-10.09956,2014
MWI,Malawi,120606,"Life expectancy at birth, female (years)",64.395,2014
MWI,Malawi,121106,"Life expectancy at birth, male (years)",59.361,2014
MWI,Malawi,121206,Young age (0-14) dependency ratio (per 100 people ages 15-64),86.452,2014
MWI,Malawi,122006,Old-age (65 and older) dependency ratio (per 100 people ages 15-64),5.774,2014
MWI,Malawi,123306,"Expected years of schooling, female (years)",10.802,2014
MWI,Malawi,123406,"Expected years of schooling, male (years)",10.7479,2014
MWI,Malawi,123506,"Estimated gross national income per capita, female (2011 PPP $)",890.2904486,2014
MWI,Malawi,123606,"Estimated gross national income per capita, male (2011 PPP $)",1231.167755,2014
MWI,Malawi,127606,Domestic credit provided by financial sector (% of GDP),15.14421521,2014
MWI,Malawi,132706,Population ages 65 and older (millions),0.512678,2014
MWI,Malawi,132806,Population under age 5 (millions),2.855,2014
MWI,Malawi,133206,Exports and imports (% of GDP),73.3266,2014
MWI,Malawi,135006,Coefficient of human inequality,32.63333333,2014
MWI,Malawi,136706,GDP per capita (2011 PPP $),1090.367208,2014
MWI,Malawi,136906,"Human Development Index (HDI), female",0.449312462,2014
MWI,Malawi,137006,"Human Development Index (HDI), male",0.484851746,2014
MWI,Malawi,137506,Human Development Index (HDI),0.467703223,2014
MWI,Malawi,137906,Gender Development Index (GDI),0.92670072,2014
MWI,Malawi,138806,Inequality-adjusted HDI (IHDI),0.314064382,2014
MWI,Malawi,140606,"Unemployment, total (% of labour force)",5.9,2014
MWI,Malawi,141706,Gross national income (GNI) per capita (2011 PPP $),1059.043312,2014
MWI,Malawi,143306,"Gross domestic product (GDP), total (2011 PPP $ billions)",18.61130123,2014
MWI,Malawi,148206,Labour force participation rate (% ages 15 and older),77.2,2014
MWI,Malawi,148306,Employment to population ratio (% ages 15 and older),72.7,2014
MWI,Malawi,149206,Government expenditure on education (% of GDP),4.839839935,2014
MWI,Malawi,150606,Employment in agriculture (% of total employment),85,2014
MWI,Malawi,150706,Employment in services (% of total employment),6.8,2014
MWI,Malawi,153706,Working poor at PPP$3.10 a day (% of total employment),82.6,2014
MWI,Malawi,163906,Renewable energy consumption (% of total final energy consumption),79.95087904,2014
MWI,Malawi,164406,Adjusted net savings (% of GNI),-10.70010196,2014
MWI,Malawi,169706,Total unemployment rate (female to male ratio),1.38,2014
MWI,Malawi,169806,Youth unemployment rate (female to male ratio),1.082191781,2014
MWI,Malawi,170006,Concentration index (exports) (value),0.481217249,2014
MWI,Malawi,174206,"Total debt service (% of exports of goods, services and primary income)",3.958588609,2014
MWI,Malawi,174406,Carbon dioxide emissions (kg per 2011 PPP $ of GDP),0.068566726,2014
MWI,Malawi,175106,"Share of employment in nonagriculture, female (% of total employment in nonagriculture)",31.77,2014
MWI,Malawi,175206,"Antenatal care coverage, at least one visit (%)",96.1,2014
MWI,Malawi,175506,"Contraceptive prevalence, any method (% of married or in-union women of reproductive age, 15–49 years)",58.6,2014
MWI,Malawi,175606,"Unmet need for family planning (% of married or in-union women of reproductive age, 15–49 years)",19.4,2014
MWI,Malawi,175706,Women with account at financial institution or with mobile money-service provider (% of female population ages 15 and older),13.97975063,2014
MWI,Malawi,178306,Gross capital formation (% of GDP),11.9855601,2014
MWI,Malawi,179706,Ratio of education and health expenditure to military expenditure,17.79555953,2014
MWI,Malawi,181206,Proportion of births attended by skilled health personnel (%),87.4,2014
MWI,Malawi,181706,Rural population with access to electricity (%),4.7,2014
MWI,Malawi,181806,Current health expenditure (% of GDP),9.71205,2014
MWI,Malawi,182206,"Tuberculosis incidence (per 100,000 people)",227,2014
MWI,Malawi,23806,Population with at least some secondary education (% ages 25 and older),18.756,2013
MWI,Malawi,23906,"Population with at least some secondary education, female (% ages 25 and older)",13.996,2013
MWI,Malawi,24006,"Population with at least some secondary education, male (% ages 25 and older)",23.588,2013
MWI,Malawi,24106,"Mean years of schooling, female (years)",3.694,2013
MWI,Malawi,24206,"Mean years of schooling, male (years)",5.088,2013
MWI,Malawi,27706,"Carbon dioxide emissions, per capita (tonnes)",0.073883522,2013
MWI,Malawi,31706,Share of seats in parliament (% held by women),22.27979275,2013
MWI,Malawi,36806,"Adolescent birth rate (births per 1,000 women ages 15-19)",144.9966,2013
MWI,Malawi,43006,Vulnerable employment (% of total employment),61.2,2013
MWI,Malawi,43606,"Internet users, total (% of population)",5.05,2013
MWI,Malawi,44206,Total population (millions),16.577147,2013
MWI,Malawi,45106,Urban population (%),16,2013
MWI,Malawi,45806,Primary school teachers trained to teach (%),90.80983,2013
MWI,Malawi,46006,Mobile phone subscriptions (per 100 people),31.9117,2013
MWI,Malawi,46106,Primary school dropout rate (% of primary school cohort),45.92779,2013
MWI,Malawi,46206,"Pupil-teacher ratio, primary school (pupils per teacher)",69.14697,2013
MWI,Malawi,48706,"Labour force participation rate (% ages 15 and older), female",72.5,2013
MWI,Malawi,48806,"Labour force participation rate (% ages 15 and older), male",82.8,2013
MWI,Malawi,52606,"Remittances, inflows (% of GDP)",0.61846,2013
MWI,Malawi,53506,"Foreign direct investment, net inflows (% of GDP)",8.17845,2013
MWI,Malawi,57206,"Mortality rate, infant (per 1,000 live births)",46.2,2013
MWI,Malawi,57506,"Mortality rate, under-five (per 1,000 live births)",68.7,2013
MWI,Malawi,57806,"Mortality rate, female adult (per 1,000 people)",258.537,2013
MWI,Malawi,57906,"Mortality rate, male adult (per 1,000 people)",372.091,2013
MWI,Malawi,58006,"HIV prevalence, adult (% ages 15-49)",10,2013
MWI,Malawi,63106,Population ages 15–64 (millions),8.56559,2013
MWI,Malawi,63206,"Gross enrolment ratio, primary (% of primary school-age population)",141.74713,2013
MWI,Malawi,63306,"Gross enrolment ratio, secondary (% of secondary school-age population)",36.33568,2013
MWI,Malawi,64306,"Infants lacking immunization, measles (% of one-year-olds)",12,2013
MWI,Malawi,64406,"Infants lacking immunization, DPT (% of one-year-olds)",4,2013
MWI,Malawi,65606,Gross fixed capital formation (% of GDP),12.70245804,2013
MWI,Malawi,68606,Gender Inequality Index (GII),0.612295524,2013
MWI,Malawi,69206,Life expectancy at birth (years),61.02,2013
MWI,Malawi,69706,Expected years of schooling (years),10.6622776,2013
MWI,Malawi,71406,Inequality-adjusted education index,0.308498116,2013
MWI,Malawi,71506,Inequality-adjusted life expectancy index,0.378646154,2013
MWI,Malawi,71606,Inequality-adjusted income index,0.265673632,2013
MWI,Malawi,73506,Overall loss in HDI due to inequality (%),31.90330941,2013
MWI,Malawi,89006,"Maternal mortality ratio (deaths per 100,000 live births)",636,2013
MWI,Malawi,99106,Net official development assistance received (% of GNI),21.1418,2013
MWI,Malawi,100806,Forest area (% of total land area),33.76113704,2013
MWI,Malawi,101606,Inequality in education (%),30.2,2013
MWI,Malawi,101706,Inequality in income (%),24.6,2013
MWI,Malawi,101806,Inequality in life expectancy (%),40,2013
MWI,Malawi,103006,Mean years of schooling (years),4.374,2013
MWI,Malawi,103206,Life expectancy index,0.631076923,2013
MWI,Malawi,103606,Income index,0.352352296,2013
MWI,Malawi,103706,Education index,0.441974378,2013
MWI,Malawi,110906,"Unemployment, youth (% ages 15–24)",7.8,2013
MWI,Malawi,111106,International inbound tourists (thousands),795,2013
MWI,Malawi,111306,Private capital flows (% of GDP),-8.394026,2013
MWI,Malawi,120606,"Life expectancy at birth, female (years)",63.408,2013
MWI,Malawi,121106,"Life expectancy at birth, male (years)",58.524,2013
MWI,Malawi,121206,Young age (0-14) dependency ratio (per 100 people ages 15-64),87.754,2013
MWI,Malawi,122006,Old-age (65 and older) dependency ratio (per 100 people ages 15-64),5.778,2013
MWI,Malawi,123306,"Expected years of schooling, female (years)",10.7236,2013
MWI,Malawi,123406,"Expected years of schooling, male (years)",10.7113,2013
MWI,Malawi,123506,"Estimated gross national income per capita, female (2011 PPP $)",864.0249139,2013
MWI,Malawi,123606,"Estimated gross national income per capita, male (2011 PPP $)",1200.333981,2013
MWI,Malawi,127606,Domestic credit provided by financial sector (% of GDP),20.96064266,2013
MWI,Malawi,132706,Population ages 65 and older (millions),0.494917,2013
MWI,Malawi,132806,Population under age 5 (millions),2.84029,2013
MWI,Malawi,133206,Exports and imports (% of GDP),78.2691,2013
MWI,Malawi,135006,Coefficient of human inequality,31.6,2013
MWI,Malawi,136706,GDP per capita (2011 PPP $),1062.164941,2013
MWI,Malawi,136906,"Human Development Index (HDI), female",0.44193029,2013
MWI,Malawi,137006,"Human Development Index (HDI), male",0.480125386,2013
MWI,Malawi,137506,Human Development Index (HDI),0.461479237,2013
MWI,Malawi,137906,Gender Development Index (GDI),0.920447664,2013
MWI,Malawi,138806,Inequality-adjusted HDI (IHDI),0.314252088,2013
MWI,Malawi,140606,"Unemployment, total (% of labour force)",6,2013
MWI,Malawi,141706,Gross national income (GNI) per capita (2011 PPP $),1030.467831,2013
MWI,Malawi,143306,"Gross domestic product (GDP), total (2011 PPP $ billions)",17.60766436,2013
MWI,Malawi,148206,Labour force participation rate (% ages 15 and older),77.5,2013
MWI,Malawi,148306,Employment to population ratio (% ages 15 and older),72.9,2013
MWI,Malawi,149206,Government expenditure on education (% of GDP),5.41617012,2013
MWI,Malawi,150606,Employment in agriculture (% of total employment),85,2013
MWI,Malawi,150706,Employment in services (% of total employment),6.8,2013
MWI,Malawi,153706,Working poor at PPP$3.10 a day (% of total employment),83.6,2013
MWI,Malawi,163906,Renewable energy consumption (% of total final energy consumption),79.8747971,2013
MWI,Malawi,164406,Adjusted net savings (% of GNI),-10.96374961,2013
MWI,Malawi,169706,Total unemployment rate (female to male ratio),1.352941176,2013
MWI,Malawi,169806,Youth unemployment rate (female to male ratio),1.068493151,2013
MWI,Malawi,170006,Concentration index (exports) (value),0.467542774,2013
MWI,Malawi,174206,"Total debt service (% of exports of goods, services and primary income)",3.148850571,2013
MWI,Malawi,174406,Carbon dioxide emissions (kg per 2011 PPP $ of GDP),0.069559368,2013
MWI,Malawi,175106,"Share of employment in nonagriculture, female (% of total employment in nonagriculture)",31.72,2013
MWI,Malawi,178306,Gross capital formation (% of GDP),12.70245804,2013
MWI,Malawi,179406,Skilled labour force (% of labour force),11.7,2013
MWI,Malawi,179706,Ratio of education and health expenditure to military expenditure,14.9057086,2013
MWI,Malawi,181706,Rural population with access to electricity (%),3.4,2013
MWI,Malawi,181806,Current health expenditure (% of GDP),11.5791,2013
MWI,Malawi,182206,"Tuberculosis incidence (per 100,000 people)",261,2013
MWI,Malawi,23806,Population with at least some secondary education (% ages 25 and older),17.934,2012
MWI,Malawi,23906,"Population with at least some secondary education, female (% ages 25 and older)",13.044,2012
MWI,Malawi,24006,"Population with at least some secondary education, male (% ages 25 and older)",22.932,2012
MWI,Malawi,24106,"Mean years of schooling, female (years)",3.606,2012
MWI,Malawi,24206,"Mean years of schooling, male (years)",5.132,2012
MWI,Malawi,27706,"Carbon dioxide emissions, per capita (tonnes)",0.06811283,2012
MWI,Malawi,31706,Share of seats in parliament (% held by women),22.27979275,2012
MWI,Malawi,36806,"Adolescent birth rate (births per 1,000 women ages 15-19)",146.4124,2012
MWI,Malawi,43006,Vulnerable employment (% of total employment),61.7,2012
MWI,Malawi,43606,"Internet users, total (% of population)",4.3506,2012
MWI,Malawi,44206,Total population (millions),16.097305,2012
MWI,Malawi,45106,Urban population (%),15.8,2012
MWI,Malawi,45806,Primary school teachers trained to teach (%),91.62833,2012
MWI,Malawi,46006,Mobile phone subscriptions (per 100 people),28.8675,2012
MWI,Malawi,46106,Primary school dropout rate (% of primary school cohort),37.66974,2012
MWI,Malawi,46206,"Pupil-teacher ratio, primary school (pupils per teacher)",74.08589,2012
MWI,Malawi,48706,"Labour force participation rate (% ages 15 and older), female",72.7,2012
MWI,Malawi,48806,"Labour force participation rate (% ages 15 and older), male",82.5,2012
MWI,Malawi,52606,"Remittances, inflows (% of GDP)",0.469495,2012
MWI,Malawi,53506,"Foreign direct investment, net inflows (% of GDP)",-0.147401,2012
MWI,Malawi,57206,"Mortality rate, infant (per 1,000 live births)",49.6,2012
MWI,Malawi,57506,"Mortality rate, under-five (per 1,000 live births)",75.5,2012
MWI,Malawi,57806,"Mortality rate, female adult (per 1,000 people)",268.732,2012
MWI,Malawi,57906,"Mortality rate, male adult (per 1,000 people)",382.353,2012
MWI,Malawi,58006,"HIV prevalence, adult (% ages 15-49)",10.3,2012
MWI,Malawi,61006,"Homicide rate (per 100,000 people)",1.7332,2012
MWI,Malawi,63106,Population ages 15–64 (millions),8.26116,2012
MWI,Malawi,63206,"Gross enrolment ratio, primary (% of primary school-age population)",136.28594,2012
MWI,Malawi,63306,"Gross enrolment ratio, secondary (% of secondary school-age population)",33.32615,2012
MWI,Malawi,64306,"Infants lacking immunization, measles (% of one-year-olds)",10,2012
MWI,Malawi,64406,"Infants lacking immunization, DPT (% of one-year-olds)",1,2012
MWI,Malawi,65606,Gross fixed capital formation (% of GDP),12.04940544,2012
MWI,Malawi,68606,Gender Inequality Index (GII),0.613022304,2012
MWI,Malawi,69206,Life expectancy at birth (years),59.927,2012
MWI,Malawi,69706,Expected years of schooling (years),10.54422884,2012
MWI,Malawi,71406,Inequality-adjusted education index,0.305557815,2012
MWI,Malawi,71506,Inequality-adjusted life expectancy index,0.369171185,2012
MWI,Malawi,71606,Inequality-adjusted income index,0.269287803,2012
MWI,Malawi,73506,Overall loss in HDI due to inequality (%),31.41664209,2012
MWI,Malawi,89006,"Maternal mortality ratio (deaths per 100,000 live births)",624,2012
MWI,Malawi,99106,Net official development assistance received (% of GNI),19.8706,2012
MWI,Malawi,100806,Forest area (% of total land area),33.9520577,2012
MWI,Malawi,101606,Inequality in education (%),30.2,2012
MWI,Malawi,101706,Inequality in income (%),23.1,2012
MWI,Malawi,101806,Inequality in life expectancy (%),39.9,2012
MWI,Malawi,103006,Mean years of schooling (years),4.346,2012
MWI,Malawi,103206,Life expectancy index,0.614261538,2012
MWI,Malawi,103606,Income index,0.350179198,2012
MWI,Malawi,103706,Education index,0.437761912,2012
MWI,Malawi,110906,"Unemployment, youth (% ages 15–24)",8.2,2012
MWI,Malawi,111106,International inbound tourists (thousands),770,2012
MWI,Malawi,111306,Private capital flows (% of GDP),-0.0660332,2012
MWI,Malawi,120606,"Life expectancy at birth, female (years)",62.22,2012
MWI,Malawi,121106,"Life expectancy at birth, male (years)",57.524,2012
MWI,Malawi,121206,Young age (0-14) dependency ratio (per 100 people ages 15-64),89.097,2012
MWI,Malawi,122006,Old-age (65 and older) dependency ratio (per 100 people ages 15-64),5.758,2012
MWI,Malawi,123306,"Expected years of schooling, female (years)",10.5442,2012
MWI,Malawi,123406,"Expected years of schooling, male (years)",10.5684,2012
MWI,Malawi,123506,"Estimated gross national income per capita, female (2011 PPP $)",855.1552727,2012
MWI,Malawi,123606,"Estimated gross national income per capita, male (2011 PPP $)",1179.750855,2012
MWI,Malawi,127606,Domestic credit provided by financial sector (% of GDP),25.16470565,2012
MWI,Malawi,132706,Population ages 65 and older (millions),0.475705,2012
MWI,Malawi,132806,Population under age 5 (millions),2.82695,2012
MWI,Malawi,133206,Exports and imports (% of GDP),67.8816,2012
MWI,Malawi,135006,Coefficient of human inequality,31.06666667,2012
MWI,Malawi,136706,GDP per capita (2011 PPP $),1039.759359,2012
MWI,Malawi,136906,"Human Development Index (HDI), female",0.434155195,2012
MWI,Malawi,137006,"Human Development Index (HDI), male",0.474234784,2012
MWI,Malawi,137506,Human Development Index (HDI),0.454946729,2012
MWI,Malawi,137906,Gender Development Index (GDI),0.915485766,2012
MWI,Malawi,138806,Inequality-adjusted HDI (IHDI),0.312017743,2012
MWI,Malawi,140606,"Unemployment, total (% of labour force)",6.3,2012
MWI,Malawi,141706,Gross national income (GNI) per capita (2011 PPP $),1015.74957,2012
MWI,Malawi,143306,"Gross domestic product (GDP), total (2011 PPP $ billions)",16.73732354,2012
MWI,Malawi,148206,Labour force participation rate (% ages 15 and older),77.5,2012
MWI,Malawi,148306,Employment to population ratio (% ages 15 and older),72.6,2012
MWI,Malawi,150606,Employment in agriculture (% of total employment),85.1,2012
MWI,Malawi,150706,Employment in services (% of total employment),6.7,2012
MWI,Malawi,153706,Working poor at PPP$3.10 a day (% of total employment),84.6,2012
MWI,Malawi,163906,Renewable energy consumption (% of total final energy consumption),80.37294685,2012
MWI,Malawi,164406,Adjusted net savings (% of GNI),-21.82489682,2012
MWI,Malawi,169706,Total unemployment rate (female to male ratio),1.377358491,2012
MWI,Malawi,169806,Youth unemployment rate (female to male ratio),1.064935065,2012
MWI,Malawi,170006,Concentration index (exports) (value),0.499060064,2012
MWI,Malawi,174206,"Total debt service (% of exports of goods, services and primary income)",2.053902025,2012
MWI,Malawi,174406,Carbon dioxide emissions (kg per 2011 PPP $ of GDP),0.065508263,2012
MWI,Malawi,175106,"Share of employment in nonagriculture, female (% of total employment in nonagriculture)",31.95,2012
MWI,Malawi,178306,Gross capital formation (% of GDP),12.04940544,2012
MWI,Malawi,181206,Proportion of births attended by skilled health personnel (%),82.6,2012
MWI,Malawi,181706,Rural population with access to electricity (%),2.3,2012
MWI,Malawi,181806,Current health expenditure (% of GDP),8.47897,2012
MWI,Malawi,182206,"Tuberculosis incidence (per 100,000 people)",294,2012
MWI,Malawi,23806,Population with at least some secondary education (% ages 25 and older),17.112,2011
MWI,Malawi,23906,"Population with at least some secondary education, female (% ages 25 and older)",12.092,2011
MWI,Malawi,24006,"Population with at least some secondary education, male (% ages 25 and older)",22.276,2011
MWI,Malawi,24106,"Mean years of schooling, female (years)",3.518,2011
MWI,Malawi,24206,"Mean years of schooling, male (years)",5.176,2011
MWI,Malawi,27706,"Carbon dioxide emissions, per capita (tonnes)",0.075556876,2011
MWI,Malawi,31706,Share of seats in parliament (% held by women),22.27979275,2011
MWI,Malawi,36806,"Adolescent birth rate (births per 1,000 women ages 15-19)",147.8282,2011
MWI,Malawi,43006,Vulnerable employment (% of total employment),61.3,2011
MWI,Malawi,43606,"Internet users, total (% of population)",3.33,2011
MWI,Malawi,44206,Total population (millions),15.627618,2011
MWI,Malawi,45106,Urban population (%),15.7,2011
MWI,Malawi,45806,Primary school teachers trained to teach (%),88.4466,2011
MWI,Malawi,46006,Mobile phone subscriptions (per 100 people),25.2858,2011
MWI,Malawi,46106,Primary school dropout rate (% of primary school cohort),50.88378,2011
MWI,Malawi,46206,"Pupil-teacher ratio, primary school (pupils per teacher)",76.07357,2011
MWI,Malawi,48706,"Labour force participation rate (% ages 15 and older), female",72.9,2011
MWI,Malawi,48806,"Labour force participation rate (% ages 15 and older), male",82.1,2011
MWI,Malawi,52606,"Remittances, inflows (% of GDP)",0.316373,2011
MWI,Malawi,53506,"Foreign direct investment, net inflows (% of GDP)",10.1552,2011
MWI,Malawi,57206,"Mortality rate, infant (per 1,000 live births)",53.2,2011
MWI,Malawi,57506,"Mortality rate, under-five (per 1,000 live births)",83.2,2011
MWI,Malawi,57806,"Mortality rate, female adult (per 1,000 people)",302.372,2011
MWI,Malawi,57906,"Mortality rate, male adult (per 1,000 people)",413.412,2011
MWI,Malawi,58006,"HIV prevalence, adult (% ages 15-49)",10.6,2011
MWI,Malawi,61006,"Homicide rate (per 100,000 people)",2.1948,2011
MWI,Malawi,63106,Population ages 15–64 (millions),7.97647,2011
MWI,Malawi,63206,"Gross enrolment ratio, primary (% of primary school-age population)",135.15811,2011
MWI,Malawi,63306,"Gross enrolment ratio, secondary (% of secondary school-age population)",33.0767,2011
MWI,Malawi,63406,"Gross enrolment ratio, tertiary (% of tertiary school-age population)",0.77492,2011
MWI,Malawi,64306,"Infants lacking immunization, measles (% of one-year-olds)",4,2011
MWI,Malawi,64406,"Infants lacking immunization, DPT (% of one-year-olds)",2,2011
MWI,Malawi,65606,Gross fixed capital formation (% of GDP),10.61193331,2011
MWI,Malawi,68606,Gender Inequality Index (GII),0.614380258,2011
MWI,Malawi,69206,Life expectancy at birth (years),58.667,2011
MWI,Malawi,69706,Expected years of schooling (years),10.40977,2011
MWI,Malawi,71406,Inequality-adjusted education index,0.282810128,2011
MWI,Malawi,71506,Inequality-adjusted life expectancy index,0.357521031,2011
MWI,Malawi,71606,Inequality-adjusted income index,0.283589175,2011
MWI,Malawi,73506,Overall loss in HDI due to inequality (%),31.94901754,2011
MWI,Malawi,89006,"Maternal mortality ratio (deaths per 100,000 live births)",618,2011
MWI,Malawi,99106,Net official development assistance received (% of GNI),10.1205,2011
MWI,Malawi,100806,Forest area (% of total land area),34.14297836,2011
MWI,Malawi,101606,Inequality in education (%),34.7,2011
MWI,Malawi,101706,Inequality in income (%),19.7,2011
MWI,Malawi,101806,Inequality in life expectancy (%),39.9,2011
MWI,Malawi,103006,Mean years of schooling (years),4.318,2011
MWI,Malawi,103206,Life expectancy index,0.594876923,2011
MWI,Malawi,103606,Income index,0.353162111,2011
MWI,Malawi,103706,Education index,0.433093611,2011
MWI,Malawi,110906,"Unemployment, youth (% ages 15–24)",8.6,2011
MWI,Malawi,111106,International inbound tourists (thousands),767,2011
MWI,Malawi,111306,Private capital flows (% of GDP),-10.13114,2011
MWI,Malawi,120606,"Life expectancy at birth, female (years)",60.852,2011
MWI,Malawi,121106,"Life expectancy at birth, male (years)",56.372,2011
MWI,Malawi,121206,Young age (0-14) dependency ratio (per 100 people ages 15-64),90.194,2011
MWI,Malawi,122006,Old-age (65 and older) dependency ratio (per 100 people ages 15-64),5.728,2011
MWI,Malawi,123306,"Expected years of schooling, female (years)",10.3662,2011
MWI,Malawi,123406,"Expected years of schooling, male (years)",10.4554,2011
MWI,Malawi,123506,"Estimated gross national income per capita, female (2011 PPP $)",875.5348432,2011
MWI,Malawi,123606,"Estimated gross national income per capita, male (2011 PPP $)",1199.993613,2011
MWI,Malawi,127606,Domestic credit provided by financial sector (% of GDP),26.68686223,2011
MWI,Malawi,132706,Population ages 65 and older (millions),0.456884,2011
MWI,Malawi,132806,Population under age 5 (millions),2.79185,2011
MWI,Malawi,133206,Exports and imports (% of GDP),48.7879,2011
MWI,Malawi,135006,Coefficient of human inequality,31.43333333,2011
MWI,Malawi,136706,GDP per capita (2011 PPP $),1051.185996,2011
MWI,Malawi,136906,"Human Development Index (HDI), female",0.42792133,2011
MWI,Malawi,137006,"Human Development Index (HDI), male",0.470151832,2011
MWI,Malawi,137506,Human Development Index (HDI),0.449773987,2011
MWI,Malawi,137906,Gender Development Index (GDI),0.910176885,2011
MWI,Malawi,138806,Inequality-adjusted HDI (IHDI),0.306075617,2011
MWI,Malawi,140606,"Unemployment, total (% of labour force)",6.5,2011
MWI,Malawi,141706,Gross national income (GNI) per capita (2011 PPP $),1036.007035,2011
MWI,Malawi,143306,"Gross domestic product (GDP), total (2011 PPP $ billions)",16.4275332,2011
MWI,Malawi,148206,Labour force participation rate (% ages 15 and older),77.4,2011
MWI,Malawi,148306,Employment to population ratio (% ages 15 and older),72.4,2011
MWI,Malawi,149206,Government expenditure on education (% of GDP),4.152619839,2011
MWI,Malawi,150606,Employment in agriculture (% of total employment),85,2011
MWI,Malawi,150706,Employment in services (% of total employment),6.7,2011
MWI,Malawi,153706,Working poor at PPP$3.10 a day (% of total employment),84.4,2011
MWI,Malawi,163906,Renewable energy consumption (% of total final energy consumption),79.66270647,2011
MWI,Malawi,164406,Adjusted net savings (% of GNI),-9.696028978,2011
MWI,Malawi,169706,Total unemployment rate (female to male ratio),1.381818182,2011
MWI,Malawi,169806,Youth unemployment rate (female to male ratio),1.075,2011
MWI,Malawi,170006,Concentration index (exports) (value),0.423214977,2011
MWI,Malawi,174206,"Total debt service (% of exports of goods, services and primary income)",1.416219684,2011
MWI,Malawi,174406,Carbon dioxide emissions (kg per 2011 PPP $ of GDP),0.071877742,2011
MWI,Malawi,175106,"Share of employment in nonagriculture, female (% of total employment in nonagriculture)",32.24,2011
MWI,Malawi,175706,Women with account at financial institution or with mobile money-service provider (% of female population ages 15 and older),16.88244247,2011
MWI,Malawi,177706,Survival rate to the last grade of lower secondary general education (%),31.05618,2011
MWI,Malawi,178306,Gross capital formation (% of GDP),12.42477403,2011
MWI,Malawi,179706,Ratio of education and health expenditure to military expenditure,17.65327672,2011
MWI,Malawi,181206,Proportion of births attended by skilled health personnel (%),83.7,2011
MWI,Malawi,181706,Rural population with access to electricity (%),2.9,2011
MWI,Malawi,181806,Current health expenditure (% of GDP),7.49375,2011
MWI,Malawi,182206,"Tuberculosis incidence (per 100,000 people)",312,2011
MWI,Malawi,23806,Population with at least some secondary education (% ages 25 and older),16.29,2010
MWI,Malawi,23906,"Population with at least some secondary education, female (% ages 25 and older)",11.14,2010
MWI,Malawi,24006,"Population with at least some secondary education, male (% ages 25 and older)",21.62,2010
MWI,Malawi,24106,"Mean years of schooling, female (years)",3.43,2010
MWI,Malawi,24206,"Mean years of schooling, male (years)",5.22,2010
MWI,Malawi,27706,"Carbon dioxide emissions, per capita (tonnes)",0.075433298,2010
MWI,Malawi,31706,Share of seats in parliament (% held by women),20.83333333,2010
MWI,Malawi,36806,"Adolescent birth rate (births per 1,000 women ages 15-19)",149.244,2010
MWI,Malawi,43006,Vulnerable employment (% of total employment),62.1,2010
MWI,Malawi,43606,"Internet users, total (% of population)",2.26,2010
MWI,Malawi,44206,Total population (millions),15.167095,2010
MWI,Malawi,45106,Urban population (%),15.5,2010
MWI,Malawi,45806,Primary school teachers trained to teach (%),95.91278,2010
MWI,Malawi,46006,Mobile phone subscriptions (per 100 people),20.5535,2010
MWI,Malawi,46106,Primary school dropout rate (% of primary school cohort),49.09825,2010
MWI,Malawi,46206,"Pupil-teacher ratio, primary school (pupils per teacher)",79.27172,2010
MWI,Malawi,47906,Median age (years),16.668,2010
MWI,Malawi,48706,"Labour force participation rate (% ages 15 and older), female",73.1,2010
MWI,Malawi,48806,"Labour force participation rate (% ages 15 and older), male",81.8,2010
MWI,Malawi,49006,Sex ratio at birth (male to female births),1.03,2010
MWI,Malawi,52606,"Remittances, inflows (% of GDP)",0.312766,2010
MWI,Malawi,53506,"Foreign direct investment, net inflows (% of GDP)",1.39388,2010
MWI,Malawi,57206,"Mortality rate, infant (per 1,000 live births)",57.4,2010
MWI,Malawi,57506,"Mortality rate, under-five (per 1,000 live births)",90.5,2010
MWI,Malawi,57806,"Mortality rate, female adult (per 1,000 people)",336.012,2010
MWI,Malawi,57906,"Mortality rate, male adult (per 1,000 people)",444.471,2010
MWI,Malawi,58006,"HIV prevalence, adult (% ages 15-49)",10.9,2010
MWI,Malawi,61006,"Homicide rate (per 100,000 people)",3.4285,2010
MWI,Malawi,63106,Population ages 15–64 (millions),7.71792,2010
MWI,Malawi,63206,"Gross enrolment ratio, primary (% of primary school-age population)",133.02116,2010
MWI,Malawi,63306,"Gross enrolment ratio, secondary (% of secondary school-age population)",32.03523,2010
MWI,Malawi,63406,"Gross enrolment ratio, tertiary (% of tertiary school-age population)",0.67511,2010
MWI,Malawi,64306,"Infants lacking immunization, measles (% of one-year-olds)",7,2010
MWI,Malawi,64406,"Infants lacking immunization, DPT (% of one-year-olds)",3,2010
MWI,Malawi,65606,Gross fixed capital formation (% of GDP),21.01531272,2010
MWI,Malawi,68606,Gender Inequality Index (GII),0.620736136,2010
MWI,Malawi,69206,Life expectancy at birth (years),57.263,2010
MWI,Malawi,69706,Expected years of schooling (years),10.25013,2010
MWI,Malawi,71406,Inequality-adjusted education index,0.279304969,2010
MWI,Malawi,71506,Inequality-adjusted life expectancy index,0.342246323,2010
MWI,Malawi,71606,Inequality-adjusted income index,0.281333408,2010
MWI,Malawi,73506,Overall loss in HDI due to inequality (%),32.10032651,2010
MWI,Malawi,89006,"Maternal mortality ratio (deaths per 100,000 live births)",629,2010
MWI,Malawi,99106,Net official development assistance received (% of GNI),14.8419,2010
MWI,Malawi,100806,Forest area (% of total land area),34.33389902,2010
MWI,Malawi,101406,"Literacy rate, adult (% ages 15 and older)",61.30972,2010
MWI,Malawi,101606,Inequality in education (%),34.7,2010
MWI,Malawi,101706,Inequality in income (%),19.7,2010
MWI,Malawi,101806,Inequality in life expectancy (%),40.3,2010
MWI,Malawi,103006,Mean years of schooling (years),4.29,2010
MWI,Malawi,103206,Life expectancy index,0.573276923,2010
MWI,Malawi,103606,Income index,0.350352937,2010
MWI,Malawi,103706,Education index,0.427725833,2010
MWI,Malawi,110806,"Net migration rate (per 1,000 people)",-0.522,2010
MWI,Malawi,110906,"Unemployment, youth (% ages 15–24)",8.9,2010
MWI,Malawi,111106,International inbound tourists (thousands),746,2010
MWI,Malawi,111306,Private capital flows (% of GDP),-0.8017592,2010
MWI,Malawi,112506,"Suicide rate, male (per 100,000 people)",17.8,2010
MWI,Malawi,112606,"Suicide rate, female (per 100,000 people)",4.3,2010
MWI,Malawi,120606,"Life expectancy at birth, female (years)",59.33,2010
MWI,Malawi,121106,"Life expectancy at birth, male (years)",55.086,2010
MWI,Malawi,121206,Young age (0-14) dependency ratio (per 100 people ages 15-64),90.822,2010
MWI,Malawi,122006,Old-age (65 and older) dependency ratio (per 100 people ages 15-64),5.696,2010
MWI,Malawi,123306,"Expected years of schooling, female (years)",10.1785,2010
MWI,Malawi,123406,"Expected years of schooling, male (years)",10.3241,2010
MWI,Malawi,123506,"Estimated gross national income per capita, female (2011 PPP $)",862.6607272,2010
MWI,Malawi,123606,"Estimated gross national income per capita, male (2011 PPP $)",1174.662846,2010
MWI,Malawi,127606,Domestic credit provided by financial sector (% of GDP),23.25920533,2010
MWI,Malawi,132706,Population ages 65 and older (millions),0.439626,2010
MWI,Malawi,132806,Population under age 5 (millions),2.72143,2010
MWI,Malawi,133206,Exports and imports (% of GDP),57.6475,2010
MWI,Malawi,135006,Coefficient of human inequality,31.56666667,2010
MWI,Malawi,136706,GDP per capita (2011 PPP $),1032.962881,2010
MWI,Malawi,136906,"Human Development Index (HDI), female",0.418378907,2010
MWI,Malawi,137006,"Human Development Index (HDI), male",0.462845576,2010
MWI,Malawi,137506,Human Development Index (HDI),0.441243751,2010
MWI,Malawi,137906,Gender Development Index (GDI),0.903927635,2010
MWI,Malawi,138806,Inequality-adjusted HDI (IHDI),0.299603066,2010
MWI,Malawi,140606,"Unemployment, total (% of labour force)",6.7,2010
MWI,Malawi,141706,Gross national income (GNI) per capita (2011 PPP $),1016.918519,2010
MWI,Malawi,143306,"Gross domestic product (GDP), total (2011 PPP $ billions)",15.66704614,2010
MWI,Malawi,147206,International student mobility (% of total tertiary enrolment),-20.27,2010
MWI,Malawi,148206,Labour force participation rate (% ages 15 and older),77.3,2010
MWI,Malawi,148306,Employment to population ratio (% ages 15 and older),72.1,2010
MWI,Malawi,149206,Government expenditure on education (% of GDP),3.539799929,2010
MWI,Malawi,150606,Employment in agriculture (% of total employment),84.8,2010
MWI,Malawi,150706,Employment in services (% of total employment),6.5,2010
MWI,Malawi,153706,Working poor at PPP$3.10 a day (% of total employment),84.9,2010
MWI,Malawi,163906,Renewable energy consumption (% of total final energy consumption),79.47031403,2010
MWI,Malawi,164406,Adjusted net savings (% of GNI),-3.330925029,2010
MWI,Malawi,169706,Total unemployment rate (female to male ratio),1.385964912,2010
MWI,Malawi,169806,Youth unemployment rate (female to male ratio),1.072289157,2010
MWI,Malawi,170006,Concentration index (exports) (value),0.533237302,2010
MWI,Malawi,174206,"Total debt service (% of exports of goods, services and primary income)",1.70637845,2010
MWI,Malawi,174406,Carbon dioxide emissions (kg per 2011 PPP $ of GDP),0.073026146,2010
MWI,Malawi,175106,"Share of employment in nonagriculture, female (% of total employment in nonagriculture)",33.52,2010
MWI,Malawi,175206,"Antenatal care coverage, at least one visit (%)",94.7,2010
MWI,Malawi,175506,"Contraceptive prevalence, any method (% of married or in-union women of reproductive age, 15–49 years)",46.1,2010
MWI,Malawi,175606,"Unmet need for family planning (% of married or in-union women of reproductive age, 15–49 years)",26.2,2010
MWI,Malawi,177106,Population using improved drinking-water sources (%),62.00433732,2010
MWI,Malawi,177206,Population using improved sanitation facilities (%),40.52787283,2010
MWI,Malawi,177706,Survival rate to the last grade of lower secondary general education (%),32.65524,2010
MWI,Malawi,178306,Gross capital formation (% of GDP),22.82318609,2010
MWI,Malawi,179706,Ratio of education and health expenditure to military expenditure,15.01140985,2010
MWI,Malawi,181206,Proportion of births attended by skilled health personnel (%),71.4,2010
MWI,Malawi,181706,Rural population with access to electricity (%),3.5,2010
MWI,Malawi,181806,Current health expenditure (% of GDP),7.24141,2010
MWI,Malawi,182106,"Malaria incidence (per 1,000 people at risk)",387.158,2010
MWI,Malawi,182206,"Tuberculosis incidence (per 100,000 people)",332,2010
MWI,Malawi,69206,Life expectancy at birth (years),55.745,2009
MWI,Malawi,69706,Expected years of schooling (years),10.21803,2009
MWI,Malawi,103006,Mean years of schooling (years),4.11,2009
MWI,Malawi,103206,Life expectancy index,0.549923077,2009
MWI,Malawi,103606,Income index,0.345840385,2009
MWI,Malawi,103706,Education index,0.420834167,2009
MWI,Malawi,137506,Human Development Index (HDI),0.430952642,2009
MWI,Malawi,141706,Gross national income (GNI) per capita (2011 PPP $),986.9889583,2009
MWI,Malawi,69206,Life expectancy at birth (years),54.177,2008
MWI,Malawi,69706,Expected years of schooling (years),9.88583,2008
MWI,Malawi,103006,Mean years of schooling (years),3.93,2008
MWI,Malawi,103206,Life expectancy index,0.5258,2008
MWI,Malawi,103606,Income index,0.339190037,2008
MWI,Malawi,103706,Education index,0.405606389,2008
MWI,Malawi,137506,Human Development Index (HDI),0.416667364,2008
MWI,Malawi,141706,Gross national income (GNI) per capita (2011 PPP $),944.4786312,2008
MWI,Malawi,69206,Life expectancy at birth (years),52.63,2007
MWI,Malawi,69706,Expected years of schooling (years),9.30382,2007
MWI,Malawi,103006,Mean years of schooling (years),3.75,2007
MWI,Malawi,103206,Life expectancy index,0.502,2007
MWI,Malawi,103606,Income index,0.332607361,2007
MWI,Malawi,103706,Education index,0.383439444,2007
MWI,Malawi,137506,Human Development Index (HDI),0.400046787,2007
MWI,Malawi,141706,Gross national income (GNI) per capita (2011 PPP $),904.2042404,2007
MWI,Malawi,69206,Life expectancy at birth (years),51.163,2006
MWI,Malawi,69706,Expected years of schooling (years),9.44949,2006
MWI,Malawi,103006,Mean years of schooling (years),3.57,2006
MWI,Malawi,103206,Life expectancy index,0.479430769,2006
MWI,Malawi,103606,Income index,0.32264728,2006
MWI,Malawi,103706,Education index,0.381485833,2006
MWI,Malawi,137506,Human Development Index (HDI),0.38932364,2006
MWI,Malawi,141706,Gross national income (GNI) per capita (2011 PPP $),846.5072806,2006
MWI,Malawi,23806,Population with at least some secondary education (% ages 25 and older),10.01,2005
MWI,Malawi,23906,"Population with at least some secondary education, female (% ages 25 and older)",5.66,2005
MWI,Malawi,24006,"Population with at least some secondary education, male (% ages 25 and older)",14.64,2005
MWI,Malawi,24106,"Mean years of schooling, female (years)",2.48,2005
MWI,Malawi,24206,"Mean years of schooling, male (years)",4.44,2005
MWI,Malawi,27706,"Carbon dioxide emissions, per capita (tonnes)",0.067211075,2005
MWI,Malawi,31706,Share of seats in parliament (% held by women),13.61256545,2005
MWI,Malawi,36806,"Adolescent birth rate (births per 1,000 women ages 15-19)",155.714,2005
MWI,Malawi,43006,Vulnerable employment (% of total employment),64.4,2005
MWI,Malawi,43606,"Internet users, total (% of population)",0.38448933,2005
MWI,Malawi,44206,Total population (millions),13.039711,2005
MWI,Malawi,45106,Urban population (%),15.1,2005
MWI,Malawi,46006,Mobile phone subscriptions (per 100 people),3.22985,2005
MWI,Malawi,46106,Primary school dropout rate (% of primary school cohort),63.86316,2005
MWI,Malawi,47906,Median age (years),16.439,2005
MWI,Malawi,48706,"Labour force participation rate (% ages 15 and older), female",74.2,2005
MWI,Malawi,48806,"Labour force participation rate (% ages 15 and older), male",80.1,2005
MWI,Malawi,49006,Sex ratio at birth (male to female births),1.02,2005
MWI,Malawi,52606,"Remittances, inflows (% of GDP)",0.616315,2005
MWI,Malawi,53506,"Foreign direct investment, net inflows (% of GDP)",3.82112,2005
MWI,Malawi,57206,"Mortality rate, infant (per 1,000 live births)",70.2,2005
MWI,Malawi,57506,"Mortality rate, under-five (per 1,000 live births)",115.4,2005
MWI,Malawi,57806,"Mortality rate, female adult (per 1,000 people)",479.482,2005
MWI,Malawi,57906,"Mortality rate, male adult (per 1,000 people)",578.44,2005
MWI,Malawi,58006,"HIV prevalence, adult (% ages 15-49)",12.9,2005
MWI,Malawi,61006,"Homicide rate (per 100,000 people)",1.5338,2005
MWI,Malawi,63106,Population ages 15–64 (millions),6.57963,2005
MWI,Malawi,63206,"Gross enrolment ratio, primary (% of primary school-age population)",124.28199,2005
MWI,Malawi,63306,"Gross enrolment ratio, secondary (% of secondary school-age population)",26.66681,2005
MWI,Malawi,63406,"Gross enrolment ratio, tertiary (% of tertiary school-age population)",0.46941,2005
MWI,Malawi,64306,"Infants lacking immunization, measles (% of one-year-olds)",18,2005
MWI,Malawi,64406,"Infants lacking immunization, DPT (% of one-year-olds)",1,2005
MWI,Malawi,65606,Gross fixed capital formation (% of GDP),15.20795869,2005
MWI,Malawi,68606,Gender Inequality Index (GII),0.653919963,2005
MWI,Malawi,69206,Life expectancy at birth (years),49.846,2005
MWI,Malawi,69706,Expected years of schooling (years),9.36913,2005
MWI,Malawi,89006,"Maternal mortality ratio (deaths per 100,000 live births)",648,2005
MWI,Malawi,97106,Fresh water withdrawals (% of total renewable water resources),7.853,2005
MWI,Malawi,99106,Net official development assistance received (% of GNI),15.8638,2005
MWI,Malawi,100806,Forest area (% of total land area),36.08400509,2005
MWI,Malawi,103006,Mean years of schooling (years),3.39,2005
MWI,Malawi,103206,Life expectancy index,0.459169231,2005
MWI,Malawi,103606,Income index,0.320020377,2005
MWI,Malawi,103706,Education index,0.373253611,2005
MWI,Malawi,110806,"Net migration rate (per 1,000 people)",-0.603,2005
MWI,Malawi,110906,"Unemployment, youth (% ages 15–24)",10.5,2005
MWI,Malawi,111106,International inbound tourists (thousands),438,2005
MWI,Malawi,111306,Private capital flows (% of GDP),-3.6299,2005
MWI,Malawi,112506,"Suicide rate, male (per 100,000 people)",18.4,2005
MWI,Malawi,112606,"Suicide rate, female (per 100,000 people)",3.9,2005
MWI,Malawi,120606,"Life expectancy at birth, female (years)",51.428,2005
MWI,Malawi,121106,"Life expectancy at birth, male (years)",48.194,2005
MWI,Malawi,121206,Young age (0-14) dependency ratio (per 100 people ages 15-64),92.592,2005
MWI,Malawi,122006,Old-age (65 and older) dependency ratio (per 100 people ages 15-64),5.591,2005
MWI,Malawi,123306,"Expected years of schooling, female (years)",9.1766,2005
MWI,Malawi,123406,"Expected years of schooling, male (years)",9.5643,2005
MWI,Malawi,123506,"Estimated gross national income per capita, female (2011 PPP $)",694.2132958,2005
MWI,Malawi,123606,"Estimated gross national income per capita, male (2011 PPP $)",973.2027579,2005
MWI,Malawi,127606,Domestic credit provided by financial sector (% of GDP),9.518773514,2005
MWI,Malawi,132706,Population ages 65 and older (millions),0.367884,2005
MWI,Malawi,132806,Population under age 5 (millions),2.34779,2005
MWI,Malawi,133206,Exports and imports (% of GDP),57.448,2005
MWI,Malawi,136706,GDP per capita (2011 PPP $),840.1866863,2005
MWI,Malawi,136906,"Human Development Index (HDI), female",0.352959634,2005
MWI,Malawi,137006,"Human Development Index (HDI), male",0.406442898,2005
MWI,Malawi,137506,Human Development Index (HDI),0.379942733,2005
MWI,Malawi,137906,Gender Development Index (GDI),0.86841137,2005
MWI,Malawi,140606,"Unemployment, total (% of labour force)",7.8,2005
MWI,Malawi,141706,Gross national income (GNI) per capita (2011 PPP $),831.9135327,2005
MWI,Malawi,143306,"Gross domestic product (GDP), total (2011 PPP $ billions)",10.95579158,2005
MWI,Malawi,148206,Labour force participation rate (% ages 15 and older),77.1,2005
MWI,Malawi,148306,Employment to population ratio (% ages 15 and older),71.1,2005
MWI,Malawi,150606,Employment in agriculture (% of total employment),85,2005
MWI,Malawi,150706,Employment in services (% of total employment),5.9,2005
MWI,Malawi,153706,Working poor at PPP$3.10 a day (% of total employment),89.1,2005
MWI,Malawi,163906,Renewable energy consumption (% of total final energy consumption),83.80142153,2005
MWI,Malawi,164406,Adjusted net savings (% of GNI),-13.32074896,2005
MWI,Malawi,169706,Total unemployment rate (female to male ratio),1.4,2005
MWI,Malawi,169806,Youth unemployment rate (female to male ratio),1.082474227,2005
MWI,Malawi,174206,"Total debt service (% of exports of goods, services and primary income)",12.50129325,2005
MWI,Malawi,174406,Carbon dioxide emissions (kg per 2011 PPP $ of GDP),0.079995406,2005
MWI,Malawi,175106,"Share of employment in nonagriculture, female (% of total employment in nonagriculture)",34.55,2005
MWI,Malawi,175506,"Contraceptive prevalence, any method (% of married or in-union women of reproductive age, 15–49 years)",32.5,2005
MWI,Malawi,175606,"Unmet need for family planning (% of married or in-union women of reproductive age, 15–49 years)",30.3,2005
MWI,Malawi,177106,Population using improved drinking-water sources (%),56.8212646,2005
MWI,Malawi,177206,Population using improved sanitation facilities (%),37.51748102,2005
MWI,Malawi,177706,Survival rate to the last grade of lower secondary general education (%),36.86844,2005
MWI,Malawi,178306,Gross capital formation (% of GDP),17.09475377,2005
MWI,Malawi,181206,Proportion of births attended by skilled health personnel (%),59,2005
MWI,Malawi,181706,Rural population with access to electricity (%),1.996448035,2005
MWI,Malawi,181806,Current health expenditure (% of GDP),6.05505,2005
MWI,Malawi,182106,"Malaria incidence (per 1,000 people at risk)",315.153,2005
MWI,Malawi,182206,"Tuberculosis incidence (per 100,000 people)",397,2005
MWI,Malawi,69206,Life expectancy at birth (years),48.735,2004
MWI,Malawi,69706,Expected years of schooling (years),9.49573,2004
MWI,Malawi,103006,Mean years of schooling (years),3.322,2004
MWI,Malawi,103206,Life expectancy index,0.442076923,2004
MWI,Malawi,103606,Income index,0.319064604,2004
MWI,Malawi,103706,Education index,0.374503611,2004
MWI,Malawi,137506,Human Development Index (HDI),0.375212669,2004
MWI,Malawi,141706,Gross national income (GNI) per capita (2011 PPP $),826.6663945,2004
MWI,Malawi,69206,Life expectancy at birth (years),47.843,2003
MWI,Malawi,69706,Expected years of schooling (years),10.01419,2003
MWI,Malawi,103006,Mean years of schooling (years),3.254,2003
MWI,Malawi,103206,Life expectancy index,0.428353846,2003
MWI,Malawi,103606,Income index,0.315193974,2003
MWI,Malawi,103706,Education index,0.386638611,2003
MWI,Malawi,137506,Human Development Index (HDI),0.373733418,2003
MWI,Malawi,141706,Gross national income (GNI) per capita (2011 PPP $),805.753101,2003
MWI,Malawi,69206,Life expectancy at birth (years),47.169,2002
MWI,Malawi,69706,Expected years of schooling (years),10.15891,2002
MWI,Malawi,103006,Mean years of schooling (years),3.186,2002
MWI,Malawi,103206,Life expectancy index,0.417984615,2002
MWI,Malawi,103606,Income index,0.310837371,2002
MWI,Malawi,103706,Education index,0.388391944,2002
MWI,Malawi,137506,Human Development Index (HDI),0.36953415,2002
MWI,Malawi,141706,Gross national income (GNI) per capita (2011 PPP $),782.8462663,2002
MWI,Malawi,69206,Life expectancy at birth (years),46.71,2001
MWI,Malawi,69706,Expected years of schooling (years),10.21574,2001
MWI,Malawi,103006,Mean years of schooling (years),3.118,2001
MWI,Malawi,103206,Life expectancy index,0.410923077,2001
MWI,Malawi,103606,Income index,0.400335363,2001
MWI,Malawi,103706,Education index,0.387703889,2001
MWI,Malawi,137506,Human Development Index (HDI),0.39954118,2001
MWI,Malawi,141706,Gross national income (GNI) per capita (2011 PPP $),1415.756925,2001
MWI,Malawi,23806,Population with at least some secondary education (% ages 25 and older),8.6,2000
MWI,Malawi,23906,"Population with at least some secondary education, female (% ages 25 and older)",4.5432,2000
MWI,Malawi,24006,"Population with at least some secondary education, male (% ages 25 and older)",13.2,2000
MWI,Malawi,24106,"Mean years of schooling, female (years)",2.1,2000
MWI,Malawi,24206,"Mean years of schooling, male (years)",4.2,2000
MWI,Malawi,27706,"Carbon dioxide emissions, per capita (tonnes)",0.076394678,2000
MWI,Malawi,31706,Share of seats in parliament (% held by women),9.32642487,2000
MWI,Malawi,36806,"Adolescent birth rate (births per 1,000 women ages 15-19)",163.499,2000
MWI,Malawi,43006,Vulnerable employment (% of total employment),65.4,2000
MWI,Malawi,43606,"Internet users, total (% of population)",0.12678094,2000
MWI,Malawi,44206,Total population (millions),11.376172,2000
MWI,Malawi,45106,Urban population (%),14.6,2000
MWI,Malawi,46006,Mobile phone subscriptions (per 100 people),0.430725,2000
MWI,Malawi,46106,Primary school dropout rate (% of primary school cohort),62.84424,2000
MWI,Malawi,47906,Median age (years),16.491,2000
MWI,Malawi,48706,"Labour force participation rate (% ages 15 and older), female",75.7,2000
MWI,Malawi,48806,"Labour force participation rate (% ages 15 and older), male",79.2,2000
MWI,Malawi,49006,Sex ratio at birth (male to female births),1.02,2000
MWI,Malawi,52606,"Remittances, inflows (% of GDP)",0.042838,2000
MWI,Malawi,53506,"Foreign direct investment, net inflows (% of GDP)",1.49125,2000
MWI,Malawi,57206,"Mortality rate, infant (per 1,000 live births)",103.4,2000
MWI,Malawi,57506,"Mortality rate, under-five (per 1,000 live births)",174.7,2000
MWI,Malawi,57806,"Mortality rate, female adult (per 1,000 people)",517.402,2000
MWI,Malawi,57906,"Mortality rate, male adult (per 1,000 people)",623.7,2000
MWI,Malawi,58006,"HIV prevalence, adult (% ages 15-49)",15.2,2000
MWI,Malawi,61006,"Homicide rate (per 100,000 people)",6.1532,2000
MWI,Malawi,63106,Population ages 15–64 (millions),5.72093,2000
MWI,Malawi,63206,"Gross enrolment ratio, primary (% of primary school-age population)",134.02927,2000
MWI,Malawi,63306,"Gross enrolment ratio, secondary (% of secondary school-age population)",30.14071,2000
MWI,Malawi,63406,"Gross enrolment ratio, tertiary (% of tertiary school-age population)",0.33838,2000
MWI,Malawi,64306,"Infants lacking immunization, measles (% of one-year-olds)",27,2000
MWI,Malawi,64406,"Infants lacking immunization, DPT (% of one-year-olds)",2,2000
MWI,Malawi,65606,Gross fixed capital formation (% of GDP),12.32210324,2000
MWI,Malawi,68606,Gender Inequality Index (GII),0.691233234,2000
MWI,Malawi,69206,Life expectancy at birth (years),46.45,2000
MWI,Malawi,69706,Expected years of schooling (years),9.93184,2000
MWI,Malawi,89006,"Maternal mortality ratio (deaths per 100,000 live births)",890,2000
MWI,Malawi,99106,Net official development assistance received (% of GNI),26.2512,2000
MWI,Malawi,100806,Forest area (% of total land area),37.83411116,2000
MWI,Malawi,103006,Mean years of schooling (years),3.05,2000
MWI,Malawi,103206,Life expectancy index,0.406923077,2000
MWI,Malawi,103606,Income index,0.413153516,2000
MWI,Malawi,103706,Education index,0.377551111,2000
MWI,Malawi,110806,"Net migration rate (per 1,000 people)",-0.692,2000
MWI,Malawi,110906,"Unemployment, youth (% ages 15–24)",10.5,2000
MWI,Malawi,111106,International inbound tourists (thousands),228,2000
MWI,Malawi,111306,Private capital flows (% of GDP),-1.491247,2000
MWI,Malawi,112506,"Suicide rate, male (per 100,000 people)",21,2000
MWI,Malawi,112606,"Suicide rate, female (per 100,000 people)",4.8,2000
MWI,Malawi,120606,"Life expectancy at birth, female (years)",48.249,2000
MWI,Malawi,121106,"Life expectancy at birth, male (years)",44.71,2000
MWI,Malawi,121206,Young age (0-14) dependency ratio (per 100 people ages 15-64),93.167,2000
MWI,Malawi,122006,Old-age (65 and older) dependency ratio (per 100 people ages 15-64),5.684,2000
MWI,Malawi,123306,"Expected years of schooling, female (years)",9.4,2000
MWI,Malawi,123406,"Expected years of schooling, male (years)",10.4,2000
MWI,Malawi,123506,"Estimated gross national income per capita, female (2011 PPP $)",1307.936369,2000
MWI,Malawi,123606,"Estimated gross national income per capita, male (2011 PPP $)",1780.802245,2000
MWI,Malawi,127606,Domestic credit provided by financial sector (% of GDP),7.733948538,2000
MWI,Malawi,132706,Population ages 65 and older (millions),0.325192,2000
MWI,Malawi,132806,Population under age 5 (millions),2.08016,2000
MWI,Malawi,133206,Exports and imports (% of GDP),60.9386,2000
MWI,Malawi,136706,GDP per capita (2011 PPP $),865.957498,2000
MWI,Malawi,136906,"Human Development Index (HDI), female",0.370699522,2000
MWI,Malawi,137006,"Human Development Index (HDI), male",0.427443697,2000
MWI,Malawi,137506,Human Development Index (HDI),0.398902271,2000
MWI,Malawi,137906,Gender Development Index (GDI),0.867247605,2000
MWI,Malawi,140606,"Unemployment, total (% of labour force)",7.7,2000
MWI,Malawi,141706,Gross national income (GNI) per capita (2011 PPP $),1541.138497,2000
MWI,Malawi,143306,"Gross domestic product (GDP), total (2011 PPP $ billions)",9.851281442,2000
MWI,Malawi,148206,Labour force participation rate (% ages 15 and older),77.4,2000
MWI,Malawi,148306,Employment to population ratio (% ages 15 and older),71.4,2000
MWI,Malawi,149206,Government expenditure on education (% of GDP),5.247970104,2000
MWI,Malawi,150606,Employment in agriculture (% of total employment),85.2,2000
MWI,Malawi,150706,Employment in services (% of total employment),5.9,2000
MWI,Malawi,153706,Working poor at PPP$3.10 a day (% of total employment),85.4,2000
MWI,Malawi,163906,Renewable energy consumption (% of total final energy consumption),82.46920682,2000
MWI,Malawi,164406,Adjusted net savings (% of GNI),-9.63753629,2000
MWI,Malawi,169706,Total unemployment rate (female to male ratio),1.40625,2000
MWI,Malawi,169806,Youth unemployment rate (female to male ratio),1.082474227,2000
MWI,Malawi,174206,"Total debt service (% of exports of goods, services and primary income)",13.50432354,2000
MWI,Malawi,174406,Carbon dioxide emissions (kg per 2011 PPP $ of GDP),0.088219894,2000
MWI,Malawi,175106,"Share of employment in nonagriculture, female (% of total employment in nonagriculture)",34.48,2000
MWI,Malawi,175206,"Antenatal care coverage, at least one visit (%)",91.4,2000
MWI,Malawi,175506,"Contraceptive prevalence, any method (% of married or in-union women of reproductive age, 15–49 years)",30.6,2000
MWI,Malawi,175606,"Unmet need for family planning (% of married or in-union women of reproductive age, 15–49 years)",29.9,2000
MWI,Malawi,177106,Population using improved drinking-water sources (%),51.60495742,2000
MWI,Malawi,177206,Population using improved sanitation facilities (%),34.48932245,2000
MWI,Malawi,178306,Gross capital formation (% of GDP),13.56469858,2000
MWI,Malawi,179706,Ratio of education and health expenditure to military expenditure,14.27323266,2000
MWI,Malawi,181206,Proportion of births attended by skilled health personnel (%),55.6,2000
MWI,Malawi,181706,Rural population with access to electricity (%),1,2000
MWI,Malawi,181806,Current health expenditure (% of GDP),4.35276,2000
MWI,Malawi,182106,"Malaria incidence (per 1,000 people at risk)",402.301,2000
MWI,Malawi,182206,"Tuberculosis incidence (per 100,000 people)",392,2000
MWI,Malawi,69206,Life expectancy at birth (years),46.355,1999
MWI,Malawi,69706,Expected years of schooling (years),10.6419,1999
MWI,Malawi,103006,Mean years of schooling (years),2.982,1999
MWI,Malawi,103206,Life expectancy index,0.405461538,1999
MWI,Malawi,103606,Income index,0.414577208,1999
MWI,Malawi,103706,Education index,0.395008333,1999
MWI,Malawi,137506,Human Development Index (HDI),0.404936677,1999
MWI,Malawi,141706,Gross national income (GNI) per capita (2011 PPP $),1555.732313,1999
MWI,Malawi,69206,Life expectancy at birth (years),46.369,1998
MWI,Malawi,69706,Expected years of schooling (years),10.60872,1998
MWI,Malawi,103006,Mean years of schooling (years),2.914,1998
MWI,Malawi,103206,Life expectancy index,0.405676923,1998
MWI,Malawi,103606,Income index,0.416337962,1998
MWI,Malawi,103706,Education index,0.39182,1998
MWI,Malawi,137506,Human Development Index (HDI),0.404486755,1998
MWI,Malawi,141706,Gross national income (GNI) per capita (2011 PPP $),1573.972526,1998
MWI,Malawi,31706,Share of seats in parliament (% held by women),5.649717514,1997
MWI,Malawi,69206,Life expectancy at birth (years),46.434,1997
MWI,Malawi,69706,Expected years of schooling (years),10.50893,1997
MWI,Malawi,103006,Mean years of schooling (years),2.846,1997
MWI,Malawi,103206,Life expectancy index,0.406676923,1997
MWI,Malawi,103606,Income index,0.420511469,1997
MWI,Malawi,103706,Education index,0.386781389,1997
MWI,Malawi,137506,Human Development Index (HDI),0.404418469,1997
MWI,Malawi,141706,Gross national income (GNI) per capita (2011 PPP $),1618.066015,1997
MWI,Malawi,69206,Life expectancy at birth (years),46.516,1996
MWI,Malawi,69706,Expected years of schooling (years),10.39098,1996
MWI,Malawi,103006,Mean years of schooling (years),2.778,1996
MWI,Malawi,103206,Life expectancy index,0.407938462,1996
MWI,Malawi,103606,Income index,0.365883904,1996
MWI,Malawi,103706,Education index,0.381238333,1996
MWI,Malawi,137506,Human Development Index (HDI),0.384631492,1996
MWI,Malawi,141706,Gross national income (GNI) per capita (2011 PPP $),1127.038206,1996
MWI,Malawi,23806,Population with at least some secondary education (% ages 25 and older),6.9,1995
MWI,Malawi,23906,"Population with at least some secondary education, female (% ages 25 and older)",3.33,1995
MWI,Malawi,24006,"Population with at least some secondary education, male (% ages 25 and older)",10.75,1995
MWI,Malawi,24106,"Mean years of schooling, female (years)",1.9,1995
MWI,Malawi,24206,"Mean years of schooling, male (years)",3.8,1995
MWI,Malawi,27706,"Carbon dioxide emissions, per capita (tonnes)",0.092886147,1995
MWI,Malawi,31706,Share of seats in parliament (% held by women),5.649717514,1995
MWI,Malawi,36806,"Adolescent birth rate (births per 1,000 women ages 15-19)",161.794,1995
MWI,Malawi,43006,Vulnerable employment (% of total employment),67.9,1995
MWI,Malawi,44206,Total population (millions),9.909088,1995
MWI,Malawi,45106,Urban population (%),13.3,1995
MWI,Malawi,46106,Primary school dropout rate (% of primary school cohort),71.6131,1995
MWI,Malawi,47906,Median age (years),16.864,1995
MWI,Malawi,48706,"Labour force participation rate (% ages 15 and older), female",75.9,1995
MWI,Malawi,48806,"Labour force participation rate (% ages 15 and older), male",78.5,1995
MWI,Malawi,49006,Sex ratio at birth (male to female births),1.02,1995
MWI,Malawi,52606,"Remittances, inflows (% of GDP)",0.037456,1995
MWI,Malawi,53506,"Foreign direct investment, net inflows (% of GDP)",0.403808,1995
MWI,Malawi,57206,"Mortality rate, infant (per 1,000 live births)",116.1,1995
MWI,Malawi,57506,"Mortality rate, under-five (per 1,000 live births)",196.3,1995
MWI,Malawi,57806,"Mortality rate, female adult (per 1,000 people)",437.87,1995
MWI,Malawi,57906,"Mortality rate, male adult (per 1,000 people)",561.936,1995
MWI,Malawi,58006,"HIV prevalence, adult (% ages 15-49)",14.1,1995
MWI,Malawi,63106,Population ages 15–64 (millions),5.0455,1995
MWI,Malawi,63206,"Gross enrolment ratio, primary (% of primary school-age population)",152.2163,1995
MWI,Malawi,63306,"Gross enrolment ratio, secondary (% of secondary school-age population)",23.99015,1995
MWI,Malawi,63406,"Gross enrolment ratio, tertiary (% of tertiary school-age population)",0.57365,1995
MWI,Malawi,64306,"Infants lacking immunization, measles (% of one-year-olds)",10,1995
MWI,Malawi,64406,"Infants lacking immunization, DPT (% of one-year-olds)",4,1995
MWI,Malawi,65606,Gross fixed capital formation (% of GDP),14.81703076,1995
MWI,Malawi,68606,Gender Inequality Index (GII),0.717630594,1995
MWI,Malawi,69206,Life expectancy at birth (years),46.585,1995
MWI,Malawi,69706,Expected years of schooling (years),10.60107,1995
MWI,Malawi,89006,"Maternal mortality ratio (deaths per 100,000 live births)",953,1995
MWI,Malawi,99106,Net official development assistance received (% of GNI),32.231,1995
MWI,Malawi,100806,Forest area (% of total land area),39.57891387,1995
MWI,Malawi,103006,Mean years of schooling (years),2.71,1995
MWI,Malawi,103206,Life expectancy index,0.409,1995
MWI,Malawi,103606,Income index,0.40023135,1995
MWI,Malawi,103706,Education index,0.3848075,1995
MWI,Malawi,110806,"Net migration rate (per 1,000 people)",-19.412,1995
MWI,Malawi,110906,"Unemployment, youth (% ages 15–24)",10.6,1995
MWI,Malawi,111106,International inbound tourists (thousands),192,1995
MWI,Malawi,111306,Private capital flows (% of GDP),-0.4038079,1995
MWI,Malawi,120606,"Life expectancy at birth, female (years)",48.786,1995
MWI,Malawi,121106,"Life expectancy at birth, male (years)",44.469,1995
MWI,Malawi,121206,Young age (0-14) dependency ratio (per 100 people ages 15-64),90.461,1995
MWI,Malawi,122006,Old-age (65 and older) dependency ratio (per 100 people ages 15-64),5.934,1995
MWI,Malawi,123306,"Expected years of schooling, female (years)",9.9,1995
MWI,Malawi,123406,"Expected years of schooling, male (years)",11.3,1995
MWI,Malawi,123506,"Estimated gross national income per capita, female (2011 PPP $)",1206.474538,1995
MWI,Malawi,123606,"Estimated gross national income per capita, male (2011 PPP $)",1628.361457,1995
MWI,Malawi,127606,Domestic credit provided by financial sector (% of GDP),12.38824043,1995
MWI,Malawi,132706,Population ages 65 and older (millions),0.299394,1995
MWI,Malawi,132806,Population under age 5 (millions),1.83464,1995
MWI,Malawi,133206,Exports and imports (% of GDP),78.4569,1995
MWI,Malawi,136706,GDP per capita (2011 PPP $),820.773968,1995
MWI,Malawi,136906,"Human Development Index (HDI), female",0.371975397,1995
MWI,Malawi,137006,"Human Development Index (HDI), male",0.425506431,1995
MWI,Malawi,137506,Human Development Index (HDI),0.3978866,1995
MWI,Malawi,137906,Gender Development Index (GDI),0.874194535,1995
MWI,Malawi,140606,"Unemployment, total (% of labour force)",7.7,1995
MWI,Malawi,141706,Gross national income (GNI) per capita (2011 PPP $),1414.78241,1995
MWI,Malawi,143306,"Gross domestic product (GDP), total (2011 PPP $ billions)",8.133121477,1995
MWI,Malawi,148206,Labour force participation rate (% ages 15 and older),77.2,1995
MWI,Malawi,148306,Employment to population ratio (% ages 15 and older),71.3,1995
MWI,Malawi,149206,Government expenditure on education (% of GDP),4.008850098,1995
MWI,Malawi,150606,Employment in agriculture (% of total employment),84.1,1995
MWI,Malawi,150706,Employment in services (% of total employment),5.9,1995
MWI,Malawi,153706,Working poor at PPP$3.10 a day (% of total employment),84.4,1995
MWI,Malawi,163906,Renewable energy consumption (% of total final energy consumption),81.70100337,1995
MWI,Malawi,164406,Adjusted net savings (% of GNI),-17.73204284,1995
MWI,Malawi,169706,Total unemployment rate (female to male ratio),1.467741935,1995
MWI,Malawi,169806,Youth unemployment rate (female to male ratio),1.092783505,1995
MWI,Malawi,174206,"Total debt service (% of exports of goods, services and primary income)",24.93951534,1995
MWI,Malawi,174406,Carbon dioxide emissions (kg per 2011 PPP $ of GDP),0.113168972,1995
MWI,Malawi,175106,"Share of employment in nonagriculture, female (% of total employment in nonagriculture)",35.97,1995
MWI,Malawi,177706,Survival rate to the last grade of lower secondary general education (%),93.71815,1995
MWI,Malawi,178306,Gross capital formation (% of GDP),17.39213919,1995
MWI,Malawi,181706,Rural population with access to electricity (%),0.339547092,1995
MWI,Malawi,69206,Life expectancy at birth (years),46.627,1994
MWI,Malawi,69706,Expected years of schooling (years),7.24303,1994
MWI,Malawi,103006,Mean years of schooling (years),2.658,1994
MWI,Malawi,103206,Life expectancy index,0.409646154,1994
MWI,Malawi,103606,Income index,0.405624674,1994
MWI,Malawi,103706,Education index,0.289795278,1994
MWI,Malawi,137506,Human Development Index (HDI),0.363810183,1994
MWI,Malawi,141706,Gross national income (GNI) per capita (2011 PPP $),1466.208688,1994
MWI,Malawi,69206,Life expectancy at birth (years),46.647,1993
MWI,Malawi,69706,Expected years of schooling (years),6.97003,1993
MWI,Malawi,103006,Mean years of schooling (years),2.606,1993
MWI,Malawi,103206,Life expectancy index,0.409953846,1993
MWI,Malawi,103606,Income index,0.417191742,1993
MWI,Malawi,103706,Education index,0.280478611,1993
MWI,Malawi,137506,Human Development Index (HDI),0.363348584,1993
MWI,Malawi,141706,Gross national income (GNI) per capita (2011 PPP $),1582.893944,1993
MWI,Malawi,69206,Life expectancy at birth (years),46.65,1992
MWI,Malawi,69706,Expected years of schooling (years),6.67926,1992
MWI,Malawi,103006,Mean years of schooling (years),2.554,1992
MWI,Malawi,103206,Life expectancy index,0.41,1992
MWI,Malawi,103606,Income index,0.402904041,1992
MWI,Malawi,103706,Education index,0.270668333,1992
MWI,Malawi,137506,Human Development Index (HDI),0.354928584,1992
MWI,Malawi,141706,Gross national income (GNI) per capita (2011 PPP $),1440.037495,1992
MWI,Malawi,43006,Vulnerable employment (% of total employment),68.1,1991
MWI,Malawi,69206,Life expectancy at birth (years),46.627,1991
MWI,Malawi,69706,Expected years of schooling (years),5.6016,1991
MWI,Malawi,103006,Mean years of schooling (years),2.502,1991
MWI,Malawi,103206,Life expectancy index,0.409646154,1991
MWI,Malawi,103606,Income index,0.424517978,1991
MWI,Malawi,103706,Education index,0.239,1991
MWI,Malawi,110906,"Unemployment, youth (% ages 15–24)",10.6,1991
MWI,Malawi,137506,Human Development Index (HDI),0.346391816,1991
MWI,Malawi,140606,"Unemployment, total (% of labour force)",7.7,1991
MWI,Malawi,141706,Gross national income (GNI) per capita (2011 PPP $),1661.556806,1991
MWI,Malawi,148306,Employment to population ratio (% ages 15 and older),71.3,1991
MWI,Malawi,150606,Employment in agriculture (% of total employment),84,1991
MWI,Malawi,150706,Employment in services (% of total employment),5.2,1991
MWI,Malawi,153706,Working poor at PPP$3.10 a day (% of total employment),85.1,1991
MWI,Malawi,169706,Total unemployment rate (female to male ratio),1.451612903,1991
MWI,Malawi,169806,Youth unemployment rate (female to male ratio),1.092783505,1991
MWI,Malawi,175106,"Share of employment in nonagriculture, female (% of total employment in nonagriculture)",37.42,1991
MWI,Malawi,23806,Population with at least some secondary education (% ages 25 and older),6.2,1990
MWI,Malawi,23906,"Population with at least some secondary education, female (% ages 25 and older)",2.84,1990
MWI,Malawi,24006,"Population with at least some secondary education, male (% ages 25 and older)",9.78,1990
MWI,Malawi,24106,"Mean years of schooling, female (years)",1.6,1990
MWI,Malawi,24206,"Mean years of schooling, male (years)",3.4,1990
MWI,Malawi,27706,"Carbon dioxide emissions, per capita (tonnes)",0.079265038,1990
MWI,Malawi,36806,"Adolescent birth rate (births per 1,000 women ages 15-19)",193.211,1990
MWI,Malawi,44206,Total population (millions),9.437553,1990
MWI,Malawi,45106,Urban population (%),11.6,1990
MWI,Malawi,46106,Primary school dropout rate (% of primary school cohort),60.58944,1990
MWI,Malawi,47906,Median age (years),17.063,1990
MWI,Malawi,48706,"Labour force participation rate (% ages 15 and older), female",76.1,1990
MWI,Malawi,48806,"Labour force participation rate (% ages 15 and older), male",78.3,1990
MWI,Malawi,49006,Sex ratio at birth (male to female births),1.02,1990
MWI,Malawi,53506,"Foreign direct investment, net inflows (% of GDP)",1.23885,1990
MWI,Malawi,57206,"Mortality rate, infant (per 1,000 live births)",136.6,1990
MWI,Malawi,57506,"Mortality rate, under-five (per 1,000 live births)",232.4,1990
MWI,Malawi,57806,"Mortality rate, female adult (per 1,000 people)",355.397,1990
MWI,Malawi,57906,"Mortality rate, male adult (per 1,000 people)",471.166,1990
MWI,Malawi,58006,"HIV prevalence, adult (% ages 15-49)",9.1,1990
MWI,Malawi,63106,Population ages 15–64 (millions),4.87579,1990
MWI,Malawi,63206,"Gross enrolment ratio, primary (% of primary school-age population)",73.2226,1990
MWI,Malawi,63306,"Gross enrolment ratio, secondary (% of secondary school-age population)",16.20832,1990
MWI,Malawi,63406,"Gross enrolment ratio, tertiary (% of tertiary school-age population)",0.53212,1990
MWI,Malawi,64306,"Infants lacking immunization, measles (% of one-year-olds)",19,1990
MWI,Malawi,64406,"Infants lacking immunization, DPT (% of one-year-olds)",5,1990
MWI,Malawi,65606,Gross fixed capital formation (% of GDP),20.11787771,1990
MWI,Malawi,69206,Life expectancy at birth (years),46.576,1990
MWI,Malawi,69706,Expected years of schooling (years),5.39246,1990
MWI,Malawi,89006,"Maternal mortality ratio (deaths per 100,000 live births)",957,1990
MWI,Malawi,99106,Net official development assistance received (% of GNI),27.2311,1990
MWI,Malawi,100806,Forest area (% of total land area),41.32371659,1990
MWI,Malawi,103006,Mean years of schooling (years),2.45,1990
MWI,Malawi,103206,Life expectancy index,0.408861538,1990
MWI,Malawi,103606,Income index,0.413857379,1990
MWI,Malawi,103706,Education index,0.231457222,1990
MWI,Malawi,110806,"Net migration rate (per 1,000 people)",21.46,1990
MWI,Malawi,111306,Private capital flows (% of GDP),-0.0428649,1990
MWI,Malawi,120606,"Life expectancy at birth, female (years)",48.51,1990
MWI,Malawi,121106,"Life expectancy at birth, male (years)",44.611,1990
MWI,Malawi,121206,Young age (0-14) dependency ratio (per 100 people ages 15-64),88.372,1990
MWI,Malawi,122006,Old-age (65 and older) dependency ratio (per 100 people ages 15-64),5.188,1990
MWI,Malawi,123306,"Expected years of schooling, female (years)",4.8,1990
MWI,Malawi,123406,"Expected years of schooling, male (years)",6,1990
MWI,Malawi,127606,Domestic credit provided by financial sector (% of GDP),17.03940866,1990
MWI,Malawi,132706,Population ages 65 and older (millions),0.252936,1990
MWI,Malawi,132806,Population under age 5 (millions),1.75994,1990
MWI,Malawi,133206,Exports and imports (% of GDP),57.2028,1990
MWI,Malawi,136706,GDP per capita (2011 PPP $),744.1970806,1990
MWI,Malawi,137506,Human Development Index (HDI),0.339598607,1990
MWI,Malawi,141706,Gross national income (GNI) per capita (2011 PPP $),1548.336387,1990
MWI,Malawi,143306,"Gross domestic product (GDP), total (2011 PPP $ billions)",7.023399391,1990
MWI,Malawi,148206,Labour force participation rate (% ages 15 and older),77.2,1990
MWI,Malawi,149206,Government expenditure on education (% of GDP),3.270539999,1990
MWI,Malawi,163906,Renewable energy consumption (% of total final energy consumption),84.03097805,1990
MWI,Malawi,164406,Adjusted net savings (% of GNI),-1.750197044,1990
MWI,Malawi,174206,"Total debt service (% of exports of goods, services and primary income)",29.31878987,1990
MWI,Malawi,174406,Carbon dioxide emissions (kg per 2011 PPP $ of GDP),0.106510816,1990
MWI,Malawi,178306,Gross capital formation (% of GDP),23.04046567,1990
